country,country_import_rank,trade_value_usd_thousand,priority_tier,company_name,rank_in_country,product_keyword,segment,website,phone,email,contact_person,address,source_url,source_type,notes
Indonesia,1,747845.41,Tier 1,PT Total Harvest Cemerlang,1,"fresh garlic; China-origin garlic; 20 kg mesh-bag garlic",importer/distributor,https://www.totalharvest.co.id/,+62 21 825 1202,enquiry@totalharvest.co.id,,"JL Raya Setu, Komplek Batik, Kav 8, RT004 RW001, Mekarwangi, Cikarang Barat, Bekasi, Jawa Barat 17520, Indonesia",https://www.totalharvest.co.id/bawang-putih/,official website + public trade database caveat,"Official Total Harvest pages say the company began in 2007 distributing agricultural food products and expanded into direct imports of agricultural foods and processed products from more than 15 countries. The official garlic page lists China-origin bawang putih in 4.5 cm, 5 cm, 5.5 cm and 6 cm sizes, packed in 20 kg mesh bags, and publishes Cikarang/Bekasi address, phone, WhatsApp, fax and enquiry email. Keep Total Harvest as Indonesia's top contact-ready official-source fresh-garlic FCL lead because it combines direct import language, fresh whole garlic product specs, container-suitable packing and contactability. Public Trademo Total Harvest profile shows 27 imports and 127 exports from Jan 2022 to Sept 2025, but the free-view import profile is sesame/green-mung-bean heavy rather than garlic-specific. Public Trademo Indonesia fresh-garlic buyer table instead ranks PT Cahaya Niaga Indah, PT Luthfi Samudera Rezeki and PT Andalan Alam Pertiwi as the strongest visible fresh-garlic shipment names; use paid customs to reconcile beneficial HS 070320 importer ownership before quoting containers."
United States,2,313676.23,Tier 1,Maurice A Auerbach Inc,1,"fresh garlic; bulk garlic; peeled garlic; imported peeled garlic; packaged garlic",importer/distributor/packer,https://www.auerpak.com/,201-807-9292,jvenables@auerpak.com,John Venables,"117 Seaview Drive, Secaucus, NJ 07094, USA",https://www.auerpak.com/our-products/garlic-products/,official website,"Official AuerPak garlic-products page lists bagged garlic, bulk garlic sourced domestically and from imported growing regions, California peeled garlic, imported peeled garlic, packaged garlic, elephant garlic and garlic braids. Official contact page publishes Maurice A. Auerbach Inc. at 117 Seaview Drive, Secaucus with phone and John Venables email/contact details, while public produce-trade coverage describes Maurice Auerbach as a major Northeast garlic and specialty-produce distributor. This replaces the weaker trade-directory-only source while preserving the fresh garlic and FCL fit."
Malaysia,3,313207.90,Tier 1,Ken Hin Food Industries Sdn Bhd,1,"fresh garlic; peeled refrigerated garlic; pure white garlic; black garlic; HS 070320",importer/wholesaler/trader/processor/distributor,https://kenhinfood.com.my/,+60 3-6144 6680,general@kenhinfood.com.my,,,https://kenhinfood.com.my/,official website + public trade database,"Official Ken Hin pages describe the company as one of Malaysia's largest importers, wholesalers and traders of culinary products including garlic, onion, potatoes and ginger, and one of Malaysia's largest suppliers of garlic cloves. Official pages say Ken Hin supplies millions of garlic cloves weekly to higher-end supermarkets, hotels, restaurants and wholesale catering outlets, and list peeled garlic stored in freezer or refrigerator in 200g/500g/800g/1kg packs, pure white garlic and black garlic. Volza Malaysia fresh-garlic data lists Ken Hin as the third fresh-garlic importer with 160 shipments, 378 total import shipments, 15 suppliers and sample 87,000 kg / 58,000 kg fresh normal white garlic imports in Nov 2024. This now outranks Keongco as Malaysia's top FCL-readiness lead because it combines official garlic-specialist/importer language with stronger public fresh-garlic shipment evidence; use paid customs to confirm beneficial HS 070320 ownership before quoting."
Brazil,4,205716.63,Tier 1,Partrade Importacoes e Exportacoes Ltda,1,"fresh garlic importation, white garlic, purple garlic, China-origin garlic and 10 kg boxes",importer/exporter/foreign-trade agency/garlic import route,https://www.partrade.com.br/,+55 21 2507 1060 / +55 21 2252 1254 / WhatsApp +55 21 99967 9535,sales@partrade.com.br; denis@partrade.com.br; aldo@partrade.com.br; alessandra@partrade.com.br; andreia@partrade.com.br,Denis Parisot; Aldo Fernandes; Alessandra Leite; Andreia Marins,"Rua da Assembleia, 10 / sala 2402, Centro, Rio de Janeiro, RJ 20011-901, Brazil",https://www.partrade.com.br/alho_br.html,official website,"Official Partrade garlic-importation pages describe Brazil importing approximately 10 million boxes of garlic per year from Shandong/Jinxiang, China and say Partrade has partnerships with two main certified Chinese exporters to assure quality, punctuality and large production volume. The official garlic page says Partrade offers exclusive brands for clients and its own NOTA 10 brand in net packaging from 250 g to 10 kg boxes. The official company page says Partrade was founded in 1996 in Brazil, provides foreign-trade solutions for import/export companies, has representation in garlic and other products and publishes direct commercial, logistics and finance contacts. This is now Brazil's strongest public official-source FCL garlic import route; Natari remains the strongest public paid-customs/FCL ownership target from the fresh-garlic buyer table, while Biofer, Alho Brasil, Agrolaf, Massy, Malibru, Naju and other official-site leads remain immediate outreach or channel-validation targets."
European Union,5,192939.56,Tier 1,Garlic Solutions,1,"bulk garlic bulbs; peeled garlic cloves; unpeeled garlic cloves; black garlic; organic garlic",garlic processor/distributor/foodservice supplier,https://www.garlicsolutions.com/en/,+31 182 205044,info@garlicsolutions.nl,,"Coenecoop 620, 2741 PV Waddinxveen, Netherlands",https://www.garlicsolutions.com/en/,official website + official product pages + official press release,"Official Garlic Solutions pages describe the company as one of the largest suppliers of garlic cloves in Europe and beyond, supplying more than four million garlic cloves each week to supermarkets, fresh meal boxes and wholesale catering outlets. Official pages list garlic bulbs in bulk, peeled and unpeeled garlic cloves, black garlic and organic garlic; the peeled-garlic page confirms Spain origin, year-round varieties, bulk crate-bag supply, private-label capability, refrigerated shelf-life options and 500 g / 1000 g packs. Official quality text cites FSSC 22000 and Skal organic certification, and the 2025 official packaging release adds 500 g / 1000 g recyclable peeled-garlic pouches for catering wholesalers. Promoted to European Union rank 1 because it has direct garlic specialization, pan-European scale, foodservice/supermarket fit and public phone/email/address details."
Germany,6,130625.01,Tier 1,JERSA Fruchtimport GmbH,1,"fresh whole garlic; garlic import and wholesale",importer/wholesaler/distributor,https://www.jersa.de/,+49 2202 980 860,jersa@jersa.de,,"Zum Scheider Feld 40, 51467 Bergisch Gladbach, Germany",https://www.jersa.de/en/garlic/,official website,"Official pages validate garlic import and wholesale in Germany since 1986, Spanish partner production across roughly 300-500 hectares, global sourcing from France, Italy, Argentina, Egypt, China, Turkey, Morocco, Chile and Mexico, multiple Spain/China/fresh garlic pack formats and direct company contact details. Promoted over Farmers Land because Farmers' free public trade profile is primarily shrimp/vannamei and garlic-seasoned prepared-seafood keyword evidence, not direct garlic commodity shipment proof."
Netherlands,7,102613.43,Tier 1,Garlic Solutions,1,"bulk garlic bulbs; peeled garlic cloves; unpeeled garlic cloves; black garlic; organic garlic",garlic processor/distributor/foodservice supplier,https://www.garlicsolutions.com/en/,+31 182 205044,info@garlicsolutions.nl,,"Coenecoop 620, 2741 PV Waddinxveen, Netherlands",https://www.garlicsolutions.com/en/,official website + official product pages + official press release,"Official Garlic Solutions pages describe the company as one of the largest suppliers of garlic cloves in Europe and beyond, supplying more than four million garlic cloves each week to supermarkets, fresh meal boxes and wholesale catering outlets. Official pages list garlic bulbs in bulk, peeled and unpeeled garlic cloves, black garlic and organic garlic; the peeled-garlic page confirms Spain origin, year-round varieties, bulk crate-bag supply, private-label capability, refrigerated shelf-life options and 500 g / 1000 g packs. Official quality text cites FSSC 22000 and Skal organic certification, and the 2025 official packaging release adds 500 g / 1000 g recyclable peeled-garlic pouches for catering wholesalers. Promoted to Netherlands rank 1 because it has stronger direct garlic specialization than the broader import-distribution routes."
United Kingdom,8,99615.20,Tier 1,Kay Bee Veg Ltd,1,"fresh garlic; fresh produce import and distribution",shipment-backed importer/distributor/wholesaler,https://kaybeeexports.com/,+44-7983-216600,info@kaybeebio.com,,"UK office: C/O H&M Freight Services Ltd, 2 Pier Rd, Feltham TW14 0TW; registered office: 5 Jardine House, Harrovian Business Village, Bessborough Road, Harrow HA1 3EX, United Kingdom",https://www.trademo.com/united-kingdom/buyers/fresh-garlic,official website + public trade database + company registry,"Trademo fresh-garlic buyer table ranks Kay Bee Veg Ltd first in the UK with 67 shipments and its free company profile shows 17,603 imports, USD 16.16M buyer trade value and India/Uganda/Ghana sourcing. Volza's UK fresh/mixed/vegetable and fruit/vegetable views separately identify Kay Bee among top UK fresh-produce buyers with 5,927 fresh/mixed/vegetable shipments and 4,032 fruit/vegetable shipments, while onion/fresh views list 272 Kay Bee allium-adjacent shipments. Kay Bee Exports' official integrated-business-model page identifies Kay Bee Veg Ltd UK as the dedicated UK sales team for 365-day import and distribution services, while UK Companies House lists Kay Bee Veg Limited as active with SIC 46310 wholesale of fruit and vegetables and 47210 retail fruit/vegetables. Kay Bee Bio contact page publishes the UK office phone/email/address. Best current UK fresh whole-garlic public route, pending paid-customs HS 070320 validation."
France,9,91338.30,Tier 1,Allium Distribution,1,"fresh garlic, white garlic, violet garlic, pink garlic, organic garlic, bulk and retail packaging, import-export and wholesale",importer/wholesaler/fresh garlic specialist,https://www.allium-distribution.com/en/,+33 3 85 30 26 26,,,"Cité de l'Entreprise, Bat MB, 200 Bd de la Résistance, 71000 Mâcon, France",https://www.allium-distribution.com/en/products/garlic/,official website,"Official Allium Distribution pages describe the company as a garlic, onion and shallot specialist founded in 2007 and based in Mâcon, with import-export, brokerage and wholesale services for distributors, manufacturers, packers, fruit-and-vegetable traders and half-wholesale buyers. Official pages validate garlic varieties including white, violet, pink and organic garlic, origins including France, Spain, Argentina, China, Egypt, Mexico and Chile, bulk/palox/cardboard/tray/net/bag packaging, ISO/HACCP/GlobalG.A.P supplier-standard references, complete logistics and customs expertise, and 5,200+ tonnes/year for garlic and onions. The official contact page publishes the Mâcon address and +33 3 85 30 26 26; no direct public email was exposed, so use the official contact form/phone for outreach. Trademo public France garlic-buyer pages remain useful for paid-data reconciliation against T & T Foods, Tang Freres, GFT France and other visible buyer names."
Italy,10,88463.46,Tier 1,Fresh Tropical SRL,1,"garlic; fresh, dry and frozen ethnic foods",shipment-backed importer/distributor/wholesaler,https://www.freshtropical.it/,+39-02-3592321,freshtropical@freshtropical.it,,"Via Alberto da Giussano 22, 20011 Corbetta (MI), Italy",https://www.trademo.com/italy/buyers/garlic,official website + public trade database,"Trademo Italy garlic buyer table ranks Fresh Tropical SRL first with 96 garlic shipments; Trademo company profile shows 11,350 import shipments, USD 140.14M buyer trade value and sourcing from Ecuador, India and the Philippines. Official Fresh Tropical pages position the company as a major Italy ethnic-food importer/distributor with 10,000+ products, 32 categories, fresh/dry/frozen ranges, 47,000 sqm storage area, six Italy locations, temperature-controlled logistics, 24-hour Italy delivery and public phone/email/branch contacts. Best current Italy contact-ready fresh-garlic FCL route, pending paid-customs HS 070320 validation."
Canada,11,82583.89,Tier 1,Fresh Taste Produce Limited,1,"fresh garlic; peeled garlic; white garlic; HS 070320",importer/processor/distributor,https://freshtasteproduce.com/,416-255-0157,sales@freshtasteproduce.com,Nelson D'Costa,"11450 Steeles Ave, Halton Hills, ON L7G 4S6, Canada",https://www.trademo.com/companies/fresh-taste-produce-canada/4043844,official website + public trade database,"Official Fresh Taste pages validate a produce importer, processor, packer and distributor sourcing fresh produce from 35+ countries, with worldwide grower partnerships, in-house packaging/processing, distribution/logistics and public Canada phone/email. Public Trademo company profile lists 601 import shipments from Jan 2022 to Sept 2025, USD 17.17M buyer trade value and white garlic among primary imports. Public Trademo peeled-garlic Canada page ranks Fresh Taste first with 72 shipments, and the Shandong Sinofarm supplier profile shows Fresh Taste as a buyer with HS 070320 peeled garlic/fresh garlic shipment examples at 26,300 kg. Keep Fresh Taste as Canada's top FCL route for peeled/fresh-garlic validation, but paid customs should confirm current HS 070320 beneficial ownership, import address and procurement desk because official product pages do not list garlic directly."
Colombia,12,73159.96,Tier 1,Global Garlic S.A.S.,1,"fresh garlic; garlic importation; garlic distribution; container logistics",garlic importer/distributor/wholesaler/logistics operator,https://globalgarlic.com.co/,"(+57) 315 489 4078 / (+57) 311 770 6130",info@globalgarlic.com.co,,"Central Mayorista, Bloque 2, Local 21, Itagui, Colombia",https://globalgarlic.com.co/,official website + public trade database caveat,"Official Global Garlic pages describe the company as a pioneer in garlic importation, distribution and commercialization in Colombia, focused specifically on garlic, with constant supply, national reach, Cartagena logistics/warehouse activity, 11 company warehouses totaling 12,996 covered square meters, reach stacker, forklifts, container storage and public email/phone/contact details. Promoted to Colombia rank 1 because it is the strongest official fresh whole garlic importer/distributor route. Public Volza whole-fresh garlic data instead names Importadora La Gran Cosecha, Distriajos El Rey and Distributions The King as the visible shipment leaders, so use paid customs to validate beneficial HS 070320 ownership before quoting FCL volume."
Japan,13,68596.78,Tier 1,Sojitz Foods Corporation,1,"garlic buyer signal; garlic powder; fresh vegetables; frozen vegetables; foodservice logistics",importer/trading house/wholesaler/foodservice logistics,https://www.sofco.sojitz.com/en/,81-3-5574-3300,tashiro.yasuhiro@sojitz-foods.com,,"16F Roppongi T-Cube, 3-1-1 Roppongi, Minato-ku, Tokyo 106-0032, Japan",https://www.sofco.sojitz.com/en/business/product/,official website + public buyer directory,"Official Sojitz Foods product and business pages validate a food-focused trading company handling raw to processed food items, processed and raw agricultural items including fresh vegetables and fruit and frozen vegetables, grocery and private-label products including garlic powder, and food import/wholesale logistics for supermarkets, restaurant chains and foodservice operators. Official corporate profile lists import/export and domestic sales of agricultural, livestock and fishery raw materials, processed food products and other foodstuffs, 144.9 billion yen FY2025 nonconsolidated annual sales, 312 employees as of 2026-04-01, the Tokyo address and head-office phone. The Trademo Japan garlic buyer table lists Sojitz Foods Corporation as the No. 1 public garlic buyer signal with 121 shipments; the existing named email remains from the prior Greek government business directory rather than the official Sojitz site. Use paid customs or direct confirmation before treating Sojitz as the beneficial importer for fresh whole or peeled garlic FCL quotes."
Saudi Arabia,14,65674.37,Tier 1,Lulu Saudi Hypermarket LLC,1,"fresh whole garlic; peeled garlic; minced garlic; garlic paste; garlic powder; public garlic buyer evidence",retailer/importer/hypermarket,https://gcc.luluhypermarket.com/en-sa/,8001000330,,,"Regional Office Western Province, Near Buraiman Bridge, PO Box 51781, Al Marwa, Jeddah 21553, Saudi Arabia",https://gcc.luluhypermarket.com/en-sa/contactus/,official website + public buyer directory,"Official Lulu Saudi contact and product pages validate Saudi phone/WhatsApp 8001000330, Western/Eastern/Central regional office listings, VAT 300060864110003, SFDA WL-2020-FO-0425, CR 1010227701 and import license IVF-172-21. Official KSA product pages list China-origin fresh garlic, China/Egypt/Bahrain-origin peeled garlic, minced garlic, LuLu garlic paste and LuLu garlic powder. Official LuLu Retail pages describe large GCC retail scale, including 30 Saudi hypermarkets, 22 KSA Express stores, 13 KSA mini markets, five KSA central kitchens and global sourcing operations as of FY2025. Public Trademo Saudi garlic buyer data currently lists lulu saudi hypermarkets llc as the top Saudi garlic buyer signal with 1,342 shipments; Volza's fresh-garlic buyer view separately lists Lulu Saudi Hypermarket LLC with 971 fresh-garlic shipments, and the broader garlic/garlic view lists LuLu Saudi Hypermarket LLC with 1,705 shipments plus LuLu Saudi Hypermarkets LLC with 112 shipments. Email links on official Lulu pages are Cloudflare-protected in the public HTML view, so the email field is intentionally left blank pending direct confirmation."
Pakistan,15,63478.77,Tier 1,Mehr Trading Company,1,"fresh garlic; Chinese garlic; fresh ginger; import and supply",importer/distributor/wholesale supplier,https://mehragri.pk/,+92 321 2978963,info@mehragri.pk,,"Suite No.108, 1st Floor, Queens Centre, M.T. Khan Road, Karachi, Sindh, Pakistan",https://mehragri.pk/services/,official website + public trade database caveat,"Official Mehr pages describe import and supply of fresh garlic and ginger, one of Pakistan's largest importers and suppliers of Chinese ginger and garlic, nationwide delivery to Karachi, Lahore, Okara, Faisalabad, Punjab and Sindh, and public head-office phone/email/address. Public Volza Pakistan garlic buyer data instead identifies AAG Impex, Ayaan Enterprises, Chairman and Sons and Crown International Trading Establishment as stronger visible fresh-garlic shipment names, with AAG at 205 garlic imports and Crown at 153 garlic imports. Keep Mehr as Pakistan's cleanest contact-ready official fresh-garlic route, but validate HS 070320 beneficial importer ownership against the public shipment leaders before quoting FCL volume."
Mexico,16,60704.65,Tier 1,Productos Agroindustriales de San Luis S.A. de C.V. (PROAGSA),1,"fresh garlic; Ajo San Luis; Ajo Argentino; Ajo Chileno; HS 07032002",shipment-backed garlic importer/wholesaler,https://www.proagsa.com.mx/,33 3671 0945,alara@proagsa.com.mx,,"C. 6 2596, Comercial Abastos, Guadalajara, Jalisco 44530, Mexico",https://www.proagsa.com.mx/list.pdf,official product PDF + public trade database + public directory,"Volza Mexico garlic-fresh buyer data ranks Productos Agroindustriales de San Luis first with 325 garlic-fresh import shipments, 17 suppliers and recent 23,000 kg / 1,420 kg fresh garlic imports. Official PROAGSA PDF lists AJOS including Ajo San Luis sizes #5-#11 in 14 kg, Ajo Argentino sizes #5-#7 in 10 kg, Ajo Chileno sizes #6-#10 in 10 kg and Ajo Agroser. Public Guadalajara directory pages list phone 33 3671 0945, alara@proagsa.com.mx and the Comercial Abastos address. Best current Mexico import-buyer/FCL route; validate beneficial HS 07032002 ownership and procurement desk through paid customs before quoting."
Sri Lanka,17,59717.61,Tier 1,Devi Trading Company,1,"fresh garlic; garlic importation; agro-food products",importer/distributor/wholesaler,https://www.devitrading.com/,+94 112335124 / +94 112320314 / +94 112437453,info@devitrading.com; devi@slt.lk; devi@devitrading.com; devispice@devitrading.com,Devi Vengadasalam,"100 - 102 Reclamation Road, Colombo 11; sales office 125 Bankshall Street, Colombo 11, Sri Lanka",https://devitrading.com/imports/agro-food-products/garlic,official website + public trade database caveat,"Official Devi Trading garlic and agro-food pages describe the company as one of Sri Lanka's leading garlic importers, with China and Hong Kong offices, direct plantation sourcing, quality-control inspection, agro-food sourcing from India, China, Thailand, Pakistan, Romania and Holland, imports including garlic, onions, sago and fresh ginger, fully owned sales outlets for domestic trade, international trade history since 1971 and direct Colombo office/sales contacts. CDA exporter-registration data adds Devi Vengadasalam and a public devitrading.com email. Keep Devi as Sri Lanka's strongest contact-ready official route, but public Trademo/Volza garlic tables point to F S Traders, Global Trading & Company, Ranjitha Foods, Midcity and Lal & Sons as shipment-count targets, so use paid customs before quoting FCL volume."
Morocco,18,55387.25,Tier 1,Graineo,1,"fresh garlic; bulk garlic; packaged garlic; garlic importation",importer/distributor/wholesaler,https://graineo.ma/,+212 6 61 46 58 62,contact@graineo.ma,,"Zone Industrielle No. 44 Route de Tit Mellil, Casablanca, Morocco",https://graineo.ma/service/garlic/,official website + public trade database caveat,"Official Graineo pages validate a Casablanca-based importer/exporter and distributor of cereals, legumes, nuts and garlic, supplying high-quality garlic to food processors, retailers, bulk importers, professionals and large-scale retailers. The official garlic page says Graineo manages import, inspection and distribution of garlic in bulk and packaged formats, with certified suppliers/farms, shipment quality inspection, mesh bags, cartons, custom packaging and delivery. Keep Graineo as Morocco's strongest contact-ready official garlic route, but CIC/TradeDataPro sample HS 070320 import records identify Garland/Garland Maroc, Amghar Agro, BHZ Trading and Baharate Elallali as fresh/chilled garlic shipment names, so use paid customs before quoting FCL volume."
Australia,19,48201.33,Tier 1,Indya Foods Pty Ltd,1,"dehydrated/onion/garlic; pickle garlic; ginger garlic; garlic powder; frozen foods",importer/wholesaler/distributor,https://www.indyafoods.com.au/,03-9793-5373,indyafoods@indyafoods.com.au,,"51-55 Smeaton Avenue, Dandenong South VIC 3175, Australia",https://www.volza.com/p/dehydrated-or-onion-or-garlic/buyers/buyers-in-australia/,official website + public trade database caveat,"Official Indya pages validate one of Australia's large importers, wholesalers and distributors for Indian and multicultural foods, 3550+ retail shops, 1200+ active distributors, 5000+ products, national wholesale offices, frozen foods and public Melbourne/Sydney/Brisbane/Adelaide/Perth contacts. Volza public Australia dehydrated/onion/garlic page ranks Indya second with 507 shipments and also surfaces pickle garlic, ginger garlic and garlic-powder import signals; Trademo profiles show 17,782-20,264 import shipments and primary products such as pickle/snack/organic. Keep Indya as Australia's top contact-ready processed-garlic/import-distribution route, but do not treat it as confirmed fresh whole HS 070320 FCL ownership until paid customs validates against Wales Tradelinks, Reliable Exim, DHN, SBC, Castleglen, Yuen's and fresh-produce/peeled-garlic processors."
Spain,20,46813.91,Tier 1,Big Garlic S.L. / Business International Garlic S.L.,1,"fresh garlic; HS 070320 garlic; Spanish garlic; imported garlic",importer/exporter/distributor/packer,https://www.big-garlic.com/en/,+34 965 433 127,info@big-garlic.com,,"Main office: C/ Julio Verne, Parcela 83, P.I. Horado Blanco, 16660 Las Pedroneras, Cuenca, Spain; office: C/ Camino de los Magros 76, 03206 Elche, Alicante, Spain",https://www.big-garlic.com/en/,official website + public trade database,"Official Big Garlic pages identify Business International Garlic S.L. as specialized in production, handling and international commercialization of garlic, with worldwide distribution, continuous supply across five continents, private-label packaging flexibility, quality certifications and direct Las Pedroneras/Elche phone and email. The official garlic page lists five garlic varieties plus black garlic. Trademo public data identifies Big Garlic S.L. as a Spain fresh-garlic buyer and shows HS 070320 import/export activity, including 28,000 kg buyer-side garlic shipments in May 2025 and HS 070320 as 100% of visible imports. Promoted to Spain rank 1 because it is a stronger contact-ready import/export-distribution route than the prior producer/exporter-only top lead; use paid customs to confirm current HS 070320 beneficial ownership before FCL quoting."
Israel,21,44444.17,Tier 2,OOO BODEANU CO,1,"fresh garlic; garlic; HS 070320 validation",shipment-backed fresh-garlic importer/paid-customs target,,,,,,https://www.volza.com/p/garlic/buyers/buyers-in-israel/,public trade database,"Volza's Israel garlic buyers page dated 30-Jul-2025 lists 5 active Israel garlic importers across 26 shipments and identifies OOO BODEANU CO as the largest Israel garlic buyer with 4 garlic shipments. The public page exposes recent 20-Sep-2023 and 09-Sep-2023 shipment dates for OOO BODEANU CO, and search-result snippets from the same Volza page show fresh-garlic consignments of 20,000 kg and 19,000 kg into Israel. No official website, address, phone, email or procurement contact was publicly verified, so this is a paid-customs FCL ownership target rather than a direct first-email lead. URI FOOD 18 remains Israel's cleanest official contact-ready fresh-produce/garlic importer route at database rank 2."
Singapore,22,42731.83,Tier 2,CHOP WENG HOI,1,"fresh garlic; garlic fresh; HS 070320 validation",shipment-backed fresh-garlic importer/paid-customs target,,,,,"345 Bukit Batok Street 34 #04-274, Singapore 650345",https://www.volza.com/p/fresh-garlic/buyers/buyers-in-singapore/,public trade database + company registry,"Volza's Singapore fresh-garlic page lists CHOP WENG HOI as the leading fresh-garlic importer with 647 shipments, 26% share and recent 40 kg GARLIC FRESH entries dated 28-Jun-2025. SGPBusiness validates CHOP WENG HOI as a live ACRA-registered partnership with UEN 53217598X, registered 27-Jun-2012, principal activity wholesale of fruits and vegetables including fresh and frozen, and the Bukit Batok registered address. No official website, email, phone or procurement contact was publicly verified, so use paid customs before outreach. Defu Foodstuff remains the best official contact-ready peeled refrigerated garlic specialist at database rank 8."
Philippines,23,37956.57,Tier 2,JN Riqueza,1,"fresh garlic; HS 070320; fresh/chilled garlic; fresh vegetables",shipment-backed fresh-garlic importer/paid-customs target,,,,,"Unit 301, 1-3F Myers Bldg, R.S. Oca cor. A.C. Delgado Sts., Port Area, Manila, Philippines",https://www.trademo.com/companies/jn-riqueza/32583514,public trade database,"Trademo's Philippines fresh-garlic buyer table ranks JN Riqueza first with 996 fresh-garlic shipments and the generic garlic table lists 1,124 garlic shipments. Trademo's company profile shows 1,584 imports, USD 34.52M buyer trade value and HS 070320 Garlic as the largest visible import HS code at USD 16.2M / 64.27%, with China, Indonesia, Myanmar and India sourcing. Trademo supplier pages expose 55,000 kg HS 070320 fresh-garlic shipments from Jinxiang Qiuyuan to JN Riqueza in March 2025. Volza's Philippines garlic page lists JN Riqueza with 922 garlic shipments and 22% share, and the HS 0703209000 view lists it with 920 fresh garlic entries. No official website, phone, email or procurement contact was publicly verified, so use paid customs before outreach. Hordex remains the best contact-ready official route for processed/dehydrated garlic ingredients, not the top fresh whole-garlic shipment owner."
Oman,24,33738.98,Tier 2,LuLu Muscat Hypermarket LLC,1,"fresh garlic; fresh whole garlic; peeled garlic; frozen peeled garlic; shallots",retailer/importer/hypermarket,https://gcc.luluhypermarket.com/en-om/,+968 80088488,,,"P.O. Box 436, PC 130 Y Tower, Al Khuwair, Sultanate of Oman",https://www.volza.com/p/fresh-garlic/buyers/buyers-in-oman/,official website + public trade database,"Volza's Oman fresh-garlic buyer pages identify LULU MUSCAT HYPERMARKET LLC as the dominant visible fresh-garlic importer: the August 2025 view shows 752 fresh-garlic import shipments, 82,316 total import shipments, 3 suppliers and 2 source countries, while the Dec 2025 garlic-fresh view shows 416 garlic-fresh shipments and 97% of Oman's visible garlic-fresh demand. Volza's broader garlic page lists LuLu Muscat with 832 garlic shipments, and Trademo's LuLu Muscat profile shows 44,912 import shipments and USD 76.69M buyer trade value. Official LuLu Oman product pages list China-origin fresh garlic, India garlic, family-pack garlic, peeled garlic and frozen peeled garlic, with official customer-service contact. Promoted to Oman rank 1 as the strongest public fresh-garlic FCL buyer signal; paid customs should identify the produce procurement desk before quoting."
Poland,25,30604.73,Tier 2,Greenset Mateusz Blaszczyk,1,"garlic; garlic fresh; fresh and frozen vegetables; imported vegetables",shipment-backed importer/packer/distributor,https://greenset.com.pl/,+48 536 097 261 / orders +48 500 202 111 / sales +48 694 853 008,biuro@greenset.com.pl; zamowienia@greenset.com.pl; mateusz.blaszczyk@greenset.com.pl,Mateusz Blaszczyk,"Dryganek Duzy 20, 98-358 Kielczyglow, Poland",https://greenset.com.pl/kontakt/,official website + public trade database,"Volza's Poland garlic page lists GREENSET MATEUSZ BLASZCZYK as Poland's leading visible garlic buyer with 26 garlic import shipments, 38% share and recent 21,000 kg garlic entries in Feb 2024. Volza's Poland garlic-fresh page separately lists Greenset Mateush Blashchyk among the top three garlic-fresh buyers with 3 shipments and 16% share, and the fresh-garlic-bulb page lists Greenset among the top three bulb buyers with 2 shipments / 18% share. Official Greenset pages say the company imports, packs and delivers fresh and frozen vegetables and fruits with its own logistics facilities; the offer page lists garlic in vegetables; the contact page publishes company, orders, sales and management emails/phones plus the Dryganek Duzy address. Promoted to Poland rank 1 because it combines the strongest public garlic-shipment signal with official importer/packer/distributor contacts. Markie-Pol and TopVeg remain strong official garlic-specialist routes at database ranks 2-3."
Thailand,26,29729.93,Tier 2,Marhaban Co. Ltd.,1,"fresh garlic; HSN 0703 alliums; fresh/chilled garlic",fresh-garlic importer/paid-customs FCL target,,,,,"Bangkok, Thailand",https://www.volza.com/p/fresh-garlic/buyers/buyers-in-thailand/,public trade database,"Volza's Thailand fresh-garlic buyer page ranks Marhaban first with 133 fresh-garlic import shipments and 33% share and shows recent 14,000 kg fresh/chilled garlic shipments on Jan. 28, 2025. Volza's company profile separately shows Marhaban as a Bangkok importer with 3,073 imports and HSN 0703/0710/0902 product coverage. No official website, phone or email was verified, so treat this as the best public fresh whole-garlic FCL ownership target requiring paid-customs confirmation before outreach."
India,27,28566.37,Tier 2,Ever Green Fruits,1,"fresh garlic; HS 070320 garlic; fresh produce; imported fruits and vegetables",fresh-produce importer/wholesaler/distributor/B2B supplier,https://evergreenfruits.in/,+91-9717680005 / +91-9958375000 / +91-9711115517,info@evergreenfruits.in,,"C-113, Basement, New Fruit Market, Azadpur, Delhi-33, India",https://evergreenfruits.in/contact.php,official website + public trade database,"Official Ever Green Fruits pages identify the company as an Azadpur, Delhi B2B fresh-fruit/fresh-produce supplier with worldwide grower network, year-round premium produce supply, quality-control process, grocery retailer/restaurant/catering-service customers, three public phone lines and info email. Official product page is fruit-focused and does not itself list garlic; garlic strength comes from public Trademo India garlic buyer data showing Ever Green Fruits at 114 garlic shipments and the Trademo company profile showing 810 import shipments, USD 18.79M buyer trade value, HS 070320 garlic at USD 5.09M / 13.95% of listed imports, and top sourcing from Afghanistan, Egypt, South Africa, Chile and Vietnam. Use as India's best contact-ready public garlic-import signal, with paid customs required to reconcile actual fresh-garlic container ownership and procurement desk before quoting FCL volumes."
Qatar,28,28550.30,Tier 2,Al Tayeb International Trading / Al Tayeb International General Trading LLC,1,"fresh garlic; garlic; fresh/chilled alliums",fresh-garlic importer/food wholesaler/paid-customs FCL target,,+974 44514417 / +974 44176670,,,"P.O. Box 9763, Doha, Qatar",https://www.volza.com/p/fresh-garlic/buyers/buyers-in-qatar/,public trade database + business directory,"Volza's Qatar fresh-garlic buyer page identifies Al Tayeb as Qatar's leading fresh-garlic importer, with the opened public page showing 87 shipments and 81% share for Nov. 2023-Oct. 2024 and newer public preview snippets showing 180 fresh-garlic shipments and 60% share. Volza/Trademo generic garlic previews also rank Al Tayeb first with 331 garlic shipments. Trademo company pages list P.O. Box 9763, Doha and office no. 44514417, while public business directories list +974 4417 6670. No official website/email was verified, so use paid customs to confirm HS 070320 ownership and contactable procurement before outreach."
South Africa,29,28404.28,Tier 2,M & R Fresh Fruit & Veg Marketing Pty Ltd (M & R Marketing / Nutripick),1,fresh garlic; HS 070320 garlic; fresh vegetables; pre-packs and pre-cuts,wholesaler/exporter/distributor/fresh-produce packer,https://www.mandrmarketing.co.za/,+27 21 531 7497 / +27 21 386 2441,info@mandrmarketing.co.za; info@nutripick.com,,"Cnr 1A Benbow Circle & Gunners Circle, Epping Fresh Produce Market, Cape Town, South Africa",https://www.mandrmarketing.co.za/,official website + public trade database,"Official M & R Marketing pages validate a fresh-produce wholesaler, exporter and distributor based at Epping Fresh Produce Market, one of the top players in fruit and vegetable distribution, with 3,600 cubic meters of modern cold rooms and Nutripick pre-pack/pre-cut packing facilities. Trademo identifies M & R Fresh Fruit & Veg Marketing as a very large South Africa exporter with 149,900 export shipments, Namibia as the top export market and visible HS 070320 garlic entries to Erongo Food Products; Volza supplier pages rank M R Fresh first among South Africa garlic suppliers and garlic/fresh-vegetable suppliers. Use as South Africa's strongest FCL-scale fresh-garlic route, while paid customs should confirm whether it imports, buys domestically or re-exports regional garlic."
Belgium,30,26924.93,Tier 2,KX Food n.v.,1,fresh garlic; fresh ginger; pomelo,importer/distributor,https://www.kxfood.be/,+32 (0) 3 326 87 54,info@kxfood.be,,"Klein Veerle 103, 2960 Brecht, Belgium",https://www.kxfood.be/,official website,"Official KX Food pages validate a Belgium family-owned business importing fresh ginger, garlic and pomelo from Asia into Europe since 2014, with selected Asian suppliers, 3,000+ hectares of China farmland support, all-year supply, quick delivery from Netherlands warehouses in Breda/Poeldijk and direct Brecht phone/email/address. This is Belgium's strongest official fresh whole-garlic import route; paid customs should still confirm HS 070320 container ownership and customer segments before quoting."
Romania,31,26730.47,Tier 2,Select Fruits,1,fresh garlic; China garlic; Egypt garlic; Romania garlic; Spain garlic,importer/distributor/wholesaler,https://selectfruits.ro/ro/products/usturoi/,0040 (742) 566 712,office@selectfruits.ro,,"VGP Park Bucuresti - Cladirea C1, Stefanestii de Jos 077175, Ilfov, Romania",https://selectfruits.ro/ro/products/usturoi/,official website,"Official Select Fruits garlic page lists fresh garlic with China, Egypt, Romania and Spain as sources and publishes direct phone, email and VGP Park Bucuresti address. The site positions Select Fruits for retail and HORECA supply. Use as Romania's best contact-ready official fresh whole-garlic outreach route, while paid customs reconciles shipment ownership against SC Star, Agro Bac, Agrofin and other HSN 0703 allium targets."
Viet Nam,32,25588.77,Tier 2,DODO Global Joint Stock Company / DODO Food,1,"fresh garlic; Chinese garlic; frozen peeled garlic; garlic import and wholesale",importer/exporter/wholesaler/distributor,https://dodofood.vn/,+84 931 829 221,dodofoods.vn@gmail.com; tinado.vn89@gmail.com; dodoglobalfoods@gmail.com,Do Thi Tinh / Tina Do,"Thu Duc agriculture wholesale market, Thu Duc, Ho Chi Minh City, Viet Nam; registered address: Ap Sa To, Xa Khanh Binh, An Giang, Viet Nam",https://dodofood.vn/toi-xo,official website,"Official DODO garlic pages identify DODO Global JSC / DODO Food as a Vietnam agricultural trading company specializing in onion and garlic import-export, wholesale and distribution. The Chinese garlic page lists DODO garlic in 4.5-6+ cm sizes, 10 kg and 20 kg bags and a 29-ton container reference; the fresh-garlic page lists year-round supply, fresh garlic formats, 26-27 tons per 40'RH in cartons and 28-30 tons per 40'RH in mesh bags. The company section says DODO imports garlic from China, India and Thailand, distributes nationally to supermarkets, wholesale markets, agents, processors and retailers, and publishes CEO/director Do Thi Tinh / Tina Do plus phone and emails. This is now Viet Nam's strongest contact-ready official-source garlic route; Hoa Phat and Da Lien Thong retain stronger public customs/buyer evidence and should be reconciled with paid customs before FCL quoting."
Ireland,33,25303.95,Tier 2,NRG's Indian Imports Ltd,1,"garlic; garlic paste; dehydrated/onion/garlic; Indian and ethnic groceries",importer/distributor/wholesaler/retailer supplier,https://indianimports.ie/,+353 85 2000046,info@indianimports.ie; enquiry@indianimports.ie,,"Unit 6, Finglas Business Centre, Jamestown Road, Finglas, D11 RD90, Dublin, Ireland",https://indianimports.ie/,official website + public trade database,"Official NRG Indian Imports pages validate a safe importing and distribution business for Indian and ethnic groceries, 15+ years of experience, Ireland/Netherlands/India offices, Europe-wide distributor and retailer network, 37+ categories, retailer/exporter/wholesaler/importer/consolidation services, bulk direct-from-India container purchasing, Ireland warehouse over 10,000 sq ft with frozen, chilled and ambient storage, and public Ireland phone/email/address. NRG Group pages add 11-country sourcing, 300+ containers of import/export activity, 2,000+ products, 29 brands, 127 FMCG manufacturers and EU compliance. Public Trademo Ireland garlic buyer page ranks NRGS Indian Imports first with 50 garlic shipments; Trademo garlic-paste page ranks it first with 60 shipments; Volza public previews rank it first for Ireland garlic paste with 24 shipments and first for dehydrated/onion/garlic with 115 shipments. Strongest current Ireland FCL-style garlic lead; use paid customs to separate fresh whole garlic from garlic paste/dehydrated/processed garlic before quoting containers."
United Arab Emirates,34,21602.55,Tier 2,LuLu Hyper Market LLC / LuLu Retail UAE,1,"fresh garlic public shipment evidence; peeled garlic; frozen peeled garlic; garlic paste; garlic powder; garlic pickle",hypermarket retailer/importer/wholesale and global sourcing operator,https://www.luluretail.com/,+971 2 4182000 / +971 600540048,,,"Y Tower, Al Nahyan - E25, Abu Dhabi, United Arab Emirates; P.O. Box 60188, Al Qusais, Dubai, United Arab Emirates",https://gcc.luluhypermarket.com/en-ae/lulu-fresh-and-best-garlic-peeled-200-g/p/893370,official website + public trade database,"Official LuLu Retail and LuLu Hypermarket pages validate a UAE-based GCC retail champion with 250+ stores, 650,000+ daily shoppers, 85 global sourcing operations, wholesale businesses, corporate UAE phone/address, Dubai regional office, and multiple UAE garlic SKUs including peeled garlic 200 g, Barakat sanitized peeled garlic 250 g, frozen peeled garlic 100 g, fresh garlic paste 300 g, garlic powder 200 g and garlic pickle 300 g. Official contact pages expose phone and address data but public email text is obfuscated in the rendered/search view, so email is left blank. Public Trademo global fresh-garlic buyer page lists LuLu Hyper Market LLC in the UAE with 983 fresh-garlic shipments, and Volza public UAE garlic-fresh analytics list LuLu-linked UAE entities as dominant buyers including Lulu Hypermart LLC with 823 shipments, Lulu Hyper Market with 110 shipments and Lulu Hypermarket LLC with 107 shipments. Strongest current UAE FCL-style garlic lead; use paid customs to reconcile exact legal entity and procurement desk before quoting containers."
Kuwait,35,20375.90,Tier 2,Fresh Island General Trading Company W.L.L.,1,"fresh garlic; fresh vegetables; imported fruits and vegetables",importer/distributor/wholesaler/foodservice supplier,https://freshislandcompany.com/,+965 22421170 ext 107,sales@freshislandcompany.com; admin@freshislandcompany.com,,"Office 9, 17th Floor, Al Adala Tower, Building-15, Near Majid Round About, Mirgab, Kuwait",https://freshislandcompany.com/fruits-vegetables/,official website,"Official Fresh Island fruits and vegetables page says the company imports fruits and vegetables including garlic, ginger, onion, carrot, potato and other produce from all continents by air, sea and land. The page identifies supply-division customers as wholesalers, supermarkets, hypermarkets, hotels and restaurants across Kuwait. The official about page describes Fresh Island as a leading wholesale food-services company in Kuwait since 2012 with 80+ team members and supply to catering companies, restaurants, medium grocery stores and wholesale hypermarkets. The official contact page publishes sales/admin extensions, sales/admin emails and the Mirgab office address. This is now Kuwait's strongest contact-ready official-source fresh-garlic FCL route; Fresh Choice remains the strongest public paid-customs/FCL ownership target, while TIINAA, Arena Foods, B2B Foodstuff, Al Zahem, Lulu, Go Fresh and Suma remain official-site outreach or channel-validation routes."
Argentina,36,19873.84,Tier 2,Mendoza Exports S.A.,1,"fresh garlic; HS 070320 garlic; organic garlic; Argentina garlic",shipment-backed exporter/supplier/FCL ownership target,,,,,"Florida 890 Piso 12 Dpto S-T-M, Buenos Aires C1005, Argentina",https://www.trademo.com/companies/mendoza-exports-s-a/3507644,public trade database + freight database,"Trademo company profile shows Mendoza Exports S.A. with 10 import shipments and 5,851 export shipments from Jan 2022 to Sept 2025, USD 75.26M supplier trade value, HS 070320 garlic at USD 59.83M / 82.57% of visible export value and top buyers including Christopher Ranch and The Garlic Company. ImportInfo separately shows 769 bills of lading on file through Apr. 7, 2026, including 107 in the past year, while Coreties lists garlic as the top export commodity and 710 garlic TEU. No official website, phone or email was verified, so treat as Argentina's top paid-customs fresh whole-garlic FCL ownership target rather than first-pass outreach."
Ecuador,37,18588.11,Tier 2,ProjectLab,1,"fresh white garlic; Chinese fresh garlic; HS 070320 garlic; 10 kg and 20 kg bulk garlic",fresh-food importer/distributor/cold-chain storage supplier,https://www.projectlab.ec/,02 283 5351,comercial@projectlab.com,,"Francisco de Orellana y Hernando de Magallanes, Puente 3, Conocoto, Quito, Ecuador; Km 6.5 via Duran Yaguachi, junto a la Feria de Ganaderos, Duran, Ecuador",https://www.projectlab.ec/importaciones/,official website + public trade database,"Official ProjectLab import page validates China-origin fresh garlic supplied to all Ecuador provinces, year-round supplier continuity, imported fresh white garlic in bulk 10 kg and 20 kg double-mesh presentations, calibre 5.0-5.5, long ambient shelf life and low sprouting; official contact pages list Quito and Duran sales/cooling locations, phone 02 283 5351 and comercial@projectlab.com. Public Trademo ProjectLab profile shows 690 import shipments, USD 20.95M buyer trade value, China/Chile/Peru sourcing, sample HS 070320 29,000 kg AJO FRESCO shipments into Guayaquil from Jinxiang Hopelong Shuifa Agriculture on Feb. 15, 2025, and HS 070320 representing 99.86% of visible trade value. Trademo Ecuador HS 070320 buyer page ranks ProjectLab first with 689 shipments, ahead of Ecune, Agromadivisa, Transmariner and Bapinex. Promote ProjectLab as Ecuador's strongest fresh whole-garlic FCL route; use paid customs to confirm current procurement contacts, annual volume and supplier terms before quoting."
Iraq,38,16877.60,Tier 2,TAV Company,1,"garlic; fresh whole garlic; HSN 0703 garlic",fresh garlic importer/paid-customs FCL target,,,,,Iraq,https://www.volza.com/p/garlic/buyers/buyers-in-iraq/,public trade database,"Volza Iraq garlic-buyer page ranks TAV Company first with 26 garlic import shipments, 22% share of visible Iraq garlic imports, 10 suppliers and sample container-scale GARLIC entries of 22,800 kg and 23,750 kg. TAV replaces Khayrat Alahwar as Iraq rank 1 because public shipment evidence points to stronger fresh whole-garlic FCL ownership; Khayrat remains the strongest contact-ready official dried-garlic route. Use paid customs to confirm TAV's beneficial importer ownership and current procurement desk before quoting."
Belarus,39,16261.40,Tier 2,Fruitreal LLC / OOO Frutreal,1,"fresh garlic; fresh vegetables; fresh fruit",importer/distributor/wholesaler,https://fruitreal.by/,+375 214 41-10-30,info@fruitreal.by,,"211401, Republic of Belarus, Vitebsk region, Polotsk district, Polotsk, ul. Oktyabrskaya 25/1",https://www.volza.com/p/garlic/buyers/buyers-in-belarus/,public customs directory + company registry,"Volza's public Belarus garlic-buyer page lists FRUITREAL LTD as the largest Belarus garlic importer with 10 garlic shipments and recent 21,400 kg fresh-garlic entries into Belarus in October 2024. Public Belarus company-registry pages validate OOO Frutreal as an active Belarus fruit-and-vegetable wholesaler with website, phone, email and Polotsk address. Treat as the strongest paid-customs FCL ownership target, while using paid customs to reconcile the FRUITREAL LTD / OOO Frutreal naming and beneficial importer."
New Zealand,40,14910.51,Tier 2,Market Gardeners Ltd / MG Group,1,fresh garlic; imported fresh produce; national garlic procurement,fresh-produce importer/distributor/wholesaler,https://www.mggroup.co.nz/,"+64 3 343 0430 / 021 020 29249 / 022 079 3630","mbreitmeyer@mggroup.co.nz; hlawrence@mggroup.co.nz; ldarling@mggroup.co.nz","Michael Breitmeyer - garlic/NPD; Humphrey Lawrence - General Manager Imports; Lawrence Darling - Imports Procurement Manager","78 Waterloo Road, Hornby, Christchurch 8042, New Zealand",https://www.mggroup.co.nz/growers/procurement-team/,official website + public trade database,"Official MG procurement pages publish a national garlic responsibility under Michael Breitmeyer and a dedicated international imports team led by Humphrey Lawrence and Lawrence Darling. Official customer/about pages state MG supplies New Zealand retail chains, foodservice and independent outlets with home-grown and imported produce, and that the import programme is integral to the sales mix. Trademo's New Zealand fresh-buyer table ranks Market Gardeners first with 1,274 fresh shipments. This is now the strongest contactable New Zealand fresh-garlic FCL route, with paid customs needed to isolate HS 070320 garlic from broader fresh imports."
Greece,41,14385.15,Tier 2,Greek Fruits Koutsogiannopoulow & Sons G.P.,1,fresh garlic,importer/exporter/distributor,https://www.greekfruits.gr/,(0030)-26230-55200,info@greekfruits.gr,Dimitris Koutsogiannopoulos,"61st km New National Road of Patras - Pyrgos, Andravida Ilia, Greece 27051",https://www.greekfruits.gr/en/garlic/,official website,"Official garlic page lists Morado garlic with origin from Evros and Spain, while the company profile says Greek Fruits operates in fruit and vegetable import-export from Andravida with direct buyer contacts. Keep as Greece's cleanest contact-ready fresh whole garlic route until paid customs identifies a stronger HS 070320 beneficial importer."
"Taiwan, China",42,13761.98,Tier 2,"Marland Trade Co., Ltd.",1,"fresh garlic; peeled garlic",importer/processor/distributor,https://www.marland.tw/,06-783-4300,marlandkuo@gmail.com,,"No. 150, Xingye Rd., Xuejia Dist., Tainan City, Taiwan",https://www.marland.tw/services.html,official website,"Official services and product pages say Marland imports fresh garlic to Taiwan from Egypt, Spain and Argentina; supplies fresh garlic year-round to processing factories; custom packs for restaurant chains and food factories; and wholesales into major markets. Volza's Taiwan garlic-pickle/garlic page also lists Marland Trading Corp with 23 garlic-category shipments. This is Taiwan's strongest contact-ready public fresh-garlic importer route."
Portugal,43,13644.29,Tier 2,"Rodrigues de Paula, Lda.",1,"purple garlic; white garlic; peeled garlic",garlic specialist/importer/exporter/wholesaler,https://www.rodrigues-de-paula.pt/,+351 916 052 399,rodrigues-de-paula@rodrigues-de-paula.pt,,"Rua das Barriguinhas, Lote 2, 1º Dto, 3220-118 Miranda do Corvo; point of sale Mercado Abastecedor de Coimbra, Pavilhão A - Box nº1, Rua de Reveles, Taveiro, 3040-881 Coimbra, Portugal",https://www.rodrigues-de-paula.pt/en_gb/index,official website,"Official Rodrigues de Paula pages describe a Portugal garlic specialist commercializing garlic for about 50 years, with national production plus import and export activity, purple garlic from Portugal/Spain, white garlic, peeled garlic and 10 kg/6 kg box or bag formats. Strongest contact-ready fresh whole-garlic Portugal route."
Panama,44,13117.29,Tier 2,Grupo Agrocampo S.A.,1,"fresh garlic; peeled garlic; HSN 0703 alliums",importer/paid-customs target,,,,,,https://www.volza.com/p/garlic-or-indian-potatoes/buyers/buyers-in-panama/hsn-code-0703/,public customs directory + public trade database,"Volza's Panama garlic/Indian-potatoes HSN 0703 page ranks Grupo Agrocampo first with 54 shipments and visible fresh garlic plus peeled garlic entries, while TradeImex separately exposes a Panama HS 070320 garlic-sprout sample under Grupo Agrocampo. Outreach fields are blank because no official public procurement contact was verified; use paid customs before quoting."
Costa Rica,45,12791.59,Tier 2,Alimentos Prosalud SA,1,"peeled garlic; fresh garlic; tuna with garlic; private-label canned foods",seafood processor/export manufacturer/distributor/peeled-garlic buyer,https://alimentosprosalud.com/,(506) 2504-7676,,,"Santa Ana, San Jose, Costa Rica",https://alimentosprosalud.com/contact-us/,official website + public trade database,"Official Alimentos Prosalud pages identify the company as one of Latin America's largest seafood processors and distributors, exporting to 27 countries / 20+ countries, producing private-brand canned products, creating 1,200 Costa Rica jobs, holding 17 certifications, operating under BRC Food Safety since 2005 and ISO 9001 since 2003, and publishing a Santa Ana, San Jose contact page with phone (506) 2504-7676; the public email is obfuscated in the official HTML view, so email is left blank. Official product pages validate garlic as an ingredient/flavor in tuna fillets with garlic in olive oil, but not fresh whole-garlic distribution. Public Trademo pages rank Alimentos Prosalud first for Costa Rica peeled garlic with 332 shipments, first on the global peeled-garlic buyer list with 332 shipments, and first for Costa Rica fresh garlic with 332 shipments. Trademo company profile also shows 281,453 import shipments, 4,779 export shipments and USD 2.37B buyer trade value, but the free top-HS view is seafood/packaging-oriented rather than garlic-specific. Treat as Costa Rica's best peeled-garlic processing/FCL signal and use paid customs to confirm garlic HS/product ownership, supplier origins and procurement desk; validate fresh whole-garlic FCL against Fruta Internacional, Agrofresko, JIMAP, Fresh Garden, Comercializadora Frutas Salomon, Frumusa, Importadora Cajisa, Alimentos Kamuk and INCER Produce before quoting."
Austria,46,12511.31,Tier 2,Dorfinger KG,1,"fresh garlic; onions; potatoes; garlic packing; fresh produce",produce packer/importer/exporter/wholesaler,https://dorfingers.at/,+43 1 616 99 40,office@dorfingers.at,,"Laxenburger Straße 365, 1230 Wien; Betriebsstraße 14, 2284 Untersiebenbrunn, Austria",https://dorfingers.at/produkte/,official website + public registry,"Official products page says Dorfinger processes high-quality onions and garlic in addition to potatoes, works with partner suppliers, offers co-packing, and follows international quality standards. Official contact page publishes central phone/email plus Vienna wholesale-market shop and Untersiebenbrunn packstation; official homepage says Dorfinger processes more than 50,000 tonnes of fresh potatoes and onions annually at two sites. WKO, Firmeninfo and Grossmarkt Vienna public records classify the company in import/export and wholesale of potatoes, garlic, onions, fruit/vegetables and dried fruit. This is Austria's best direct garlic packing and wholesale route; use paid customs to separate domestic packing from imported HS 070320."
Czech Republic,47,12396.11,Tier 2,"DALAT, spol. s r.o.",1,garlic,importer/distributor/food wholesaler,http://www.dalat.cz/,+420 222 132 120,info@dalat.cz,,"Libusska 319/126, Praha-Pisnice, 142 00 Prague, Czech Republic",https://www.trademo.com/czech-republic/buyers/garlic,public trade database + public company directory,"Trademo's public Czech garlic buyers page ranks DALAT first among Czech garlic buyers with 31 shipments, and Info-Praha lists dalat.cz, phone, Prague address and Asian food-product import/wholesale activity. Treat as the first paid-customs Czech garlic ownership target, with product format and supplier origin still needing validation before FCL quoting."
Dominican Republic,48,12240.95,Tier 2,"Hispaniola Grain, S.R.L.",1,fresh garlic,importer/distributor/commodity trader,https://hispaniolagrain.com/,"(809)732-8912 / (809)567-7406",,,"Av. John F. Kennedy, Plaza Hache Local 2-16, Ensanche Naco, Santo Domingo, R. D.",https://hispaniolagrain.com/,official website,"Official site says Hispaniola Grain commercializes commodities with broad garlic experience, lists fresh-garlic presentations, says its products are sold nationwide through an important distributor network, and says its trading division can offer large quantities of garlic through international strategic alliances; this remains the strongest Dominican Republic lead because the garlic fit, distributor network and container-scale trading signal are explicit."
Denmark,49,11917.97,Tier 2,Ingwersen A/S,1,"fresh garlic; peeled garlic; sliced peeled garlic",produce wholesaler/distributor,https://www.ingwersen.dk/,+45 36 46 88 77,kontakt@ingwersen.dk,,"Hørskætten 30, 2630 Taastrup, Denmark",https://www.ingwersen.dk/hvidloeg-pillede-kina-10-kg-01b44,official website,"Official Ingwersen pages list fresh garlic, organic 5 kg garlic, China-origin peeled garlic in 10 kg and 1 kg formats and sliced peeled garlic in 1 kg formats, while the official site publishes Taastrup wholesale contact details. This is Denmark's strongest contact-ready lead because it combines direct garlic formats with produce-wholesale fit."
Finland,50,11672.25,Tier 2,Valkoliekki Oy,1,peeled garlic; fresh garlic; frozen garlic,processor/importer/distributor,https://www.valkoliekki.fi/?lang=en,+358 44 533 7557,,,"Kiilakatu 2, FI-87400 Kajaani, Finland",https://www.valkoliekki.fi/horeca/?lang=en,official website,"Official HORECA page says Valkoliekki imports garlic from Spain, machine-peels cloves, supplies whole peeled cloves plus fresh and frozen garlic packs to Finland's largest wholesale businesses and food-industry buyers, and refines around 200,000 kg of garlic annually."
Paraguay,51,11616.23,Tier 2,Churrasqueria Veneza SRL,1,"fresh garlic; HS 070320 garlic; Chinese garlic",shipment-backed importer/FCL ownership target,,,,,Paraguay,https://www.trademo.com/companies/churrasqueria-veneza-srl/50675703,public trade database,"Trademo company profile says Churrasqueria Veneza SRL is based in Paraguay with 141 import shipments from January 2022 to September 2025, sources mainly from China and primarily imports garlic and fresh garlic. The public sample line shows HS 070320 garlic from Jining Foreign Trading with 26,700 kg shipment weight, while Volza separately shows 143 China-origin HSN 0703 imports and public fresh-food entries of 27,000 kg and 54,000 kg garlic/allium shipments in June 2025. No official procurement contact was verified, so use paid customs before outreach."
Chile,52,11334.63,Tier 2,Importadora Exportadora y Comercial Costa del Pacifico Limitada,1,"garlic; HSN 07032090; fresh produce wholesale",shipment-backed importer/fresh-produce wholesaler,,,,,"Antonia Lopez de Bello 833, Recoleta, Santiago, Chile",https://www.volza.com/p/garlic-garlic/buyers/buyers-in-chile/,public trade database + public registry,"Volza's Chile garlic buyer page identifies IMP EXP COM COSTA DEL PACIF LT as Chile's leading garlic importer with 32 shipments and shows HSN 07032090 as the top garlic HSN code. Volza's company profile separately shows 1,239 import shipments and HSN 0703 exposure with China, Peru, Brazil and Ecuador sourcing, while public Chile registry pages classify Importadora Exportadora y Comercial Costa del Pacifico Limitada as a wholesale fruit-and-vegetable business. No official procurement contact was verified, so use paid customs before outreach."
Trinidad and Tobago,53,11092.69,Tier 2,Pepe's Marketing Ltd.,1,"bulk garlic; fresh produce garlic; potatoes onions garlic; container-load food imports",importer/exporter/wholesaler/distributor,https://pepesgrouptt.com/,"1 (868) 645-7373 / 868-291-7177 / 868-291-6078 / 868-291-3298 / 868-662-2338 / 868-645-5327",info@pepesmkt.com,,"Orange Grove Complex, Cor. Freeman & Orange Grove Rd, St Augustine South, Trinidad & Tobago",https://pepesgrouptt.com/about-us/,official website,"Official Pepe's Group pages say Pepe's Marketing Limited is the food division specializing in importation and exportation of high quality food commodities and that the group has 40+ years importing/exporting and distributing locally and in the Caribbean. Official pages list potatoes, onions and garlic under fresh produce and bulk food products, describe warehousing, walk-in chillers, a larger 80,000 square foot complex and an additional chiller with 4,000-pallet capacity, and the exportation page says the company ships container-load volumes regularly from North America, South America, Europe and Asia. This is now the strongest Trinidad and Tobago FCL route found so far because it combines official direct garlic evidence with bulk import/export, warehousing and regional distribution scale."
Guyana,54,10351.91,Tier 2,Guyimex International Inc,1,"fresh produce; cold storage; food commodities",importer/distributor/cold-chain wholesaler,https://guyimex.com/,"+592-503-1648 / +592-697-5260 / +592-702-1630",,,Guyana,https://guyimex.com/,official website,"Official Guyimex pages position the company as Guyana's supply chain for premium food commodities, specializing in importing fresh produce, meat, seafood and dairy from around the world. The official site highlights climate-controlled cold storage with capacity exceeding 670 pallet spaces, import/export handling at its facility, and service to local and international wholesalers, restaurants, food processors, retailers, grocery, supermarkets, hotels, the oil and gas sector and government agencies. This remains the strongest contact-ready Guyana lead because the official source shows fresh-produce import, cold-chain and B2B channel scale, while paid customs should still separate fresh whole garlic ownership from the Triple R dried-garlic shipment signal."
Norway,55,10069.41,Tier 2,BAMA Gruppen AS,1,"fresh garlic; HS 070320 market demand; national produce distribution",produce importer/distributor/foodservice wholesaler,https://www.bama.no/,22 88 05 00,,"","Nedre Kalbakkvei 40, 0614 Oslo, Norway",https://www.bama.no/ravarer/gronnsaker/lok/hvitlok/,official website + WITS market data,"Official BAMA raw-material pages feature garlic as a standard produce item, while the official company and Storkjøkken pages say BAMA is Norway's leading fruit-and-vegetable company and BAMA Storkjøkken distributes fruit and vegetables to hotels, restaurants, catering, public sector and corporate customers from ten local operating units. WITS 2023 shows Norway imported about 1.38M kg of HS 070320 fresh/chilled garlic, led by Spain and China, so paid customs should test whether BAMA, ASKO, Exotic Fruit, Abiramy, Asian Food Import, Lunde or another specialist owns the main fresh-garlic flow. BAMA remains the strongest contact-ready Norway lead because the official source combines direct fresh-garlic evidence with national produce-import and foodservice-wholesale footprint."
Sweden,56,9928.10,Tier 2,Grönsaksmästarna AB,1,"fresh garlic; HS 070320 market demand; produce wholesale/import",produce wholesaler/importer/distributor,https://www.gronsaksmastarna.se/,+46 (0)42-60 00 500,info@gronsaksmastarna.se,Victor Tadic,"Knut Påls väg 5, 256 69 Helsingborg, Sweden",https://www.gronsaksmastarna.se/en/prouducts/onions/garlic/,official website + WITS market data,"Official Grönsaksmästarna product pages list garlic as a standard item with both Swedish-grown and import availability, and the official contact page publishes Helsingborg headquarters details plus purchasing and sales manager Victor Tadic. WITS 2023 reports Sweden imported about USD 18.18M and 4.15M kg of HS 070320 fresh/chilled garlic, led by Spain, the Netherlands and Germany. Grönsaksmästarna remains the strongest contact-ready official fresh-garlic lead, while paid customs should test whether Grönsaksmästarna, Dole/Everfresh/Ewerman, IND Traders, GG Handel/Wernsing, Matkompaniet or another specialist owns the main fresh, peeled, frozen/IQF or processed garlic flows."
Croatia,57,9698.90,Tier 2,Frutiko Group d.o.o.,7,fresh garlic; wholesale and distribution of fruit and vegetables,importer/distributor/wholesaler,https://frutikogroup.hr/en/,+385 (1) 2452-770,frutikogroup@gmail.com,,"Slavonska Avenija 7, Wholesale market Zagreb, 10000 Zagreb, Croatia",https://frutikogroup.hr/en/products/vegetable/,official website,"Official Frutiko Group pages explicitly list garlic in the vegetable assortment and describe the company as a wholesale and distribution specialist for fruit and vegetables, including buying, selling, distribution, storage, transshipment and international shipping. The official source also says Frutiko distributes produce from Croatia, European Union countries and third countries, serves national and international retail chains, uses freezer-equipped transport capacity, and publishes direct Zagreb wholesale-market contact details. This is now the strongest Croatia lead because it combines direct fresh-garlic evidence with import/distribution infrastructure and year-round wholesale produce reach."
Kazakhstan,58,9584.37,Tier 2,Magnum Cash&Carry LLP,1,wholesale groceries; produce supply,wholesale retailer/foodservice supplier,https://hr.magnum.kz/en/,+7 (727) 346 73 22,info@magnum.kz,Azamat Kabdrakhman,"1/10, Astana microdistrict, Almaty, Kazakhstan",https://hr.magnum.kz/en/projects/,official website,"Official Magnum pages describe Magnum as the No.1 retailer in Kazakhstan with 200+ stores, name Azamat Kabdrakhman as Director of the Wholesale Sales Department, and say the wholesale direction serves cafes, restaurants, retail stores, entrepreneurs, and large companies with organized supply chains. Garlic fit is inferred from the company's produce-retail and business-wholesale profile rather than a direct garlic SKU, but this is still the strongest initial Kazakhstan lead for container-scale outreach."
Switzerland,59,9245.54,Tier 2,H.J.Gabathuler AG,10,"fresh whole garlic; peeled garlic; frozen garlic; chilled garlic puree",garlic importer/distributor/specialty food supplier,https://gabathuler-foodmarketing.ch/,+41 71 722 07 47,info@gabathuler-foodmarketing.ch,,"Hauptstrasse 145, 9434 Au (SG), Switzerland",https://gabathuler-foodmarketing.ch/knoblauch-frisch-getrocknet-tiefgefroren/,official website,"Official H.J.Gabathuler pages say the company specializes in trading and sourcing mushrooms, garlic, herbs and vegetables for food wholesale, retail and processing industry. The official garlic page lists fresh whole and peeled garlic, frozen garlic cloves, chopped garlic and puree, chilled Bresc garlic products and frozen Dorot garlic cubes, while the official home page publishes direct phone, email and address details. This is now the strongest Switzerland lead because it combines multiple Unyra-relevant garlic formats with broad B2B channel fit across wholesale, retail and processing industry."
Hungary,60,9022.57,Tier 2,Cropfood TÉSZ Zrt.,1,fresh garlic; spring garlic,produce wholesaler/distributor,https://cropfood.hu/,+36 30 334-6870,info@cropfood.hu,,"2211 Vasad, István király u. 11, Hungary",https://cropfood.hu/en/products/garlic,official website,"Official Cropfood garlic and spring-garlic pages say both products are always available in the company's wholesale assortment and ask buyers to request an offer, while the official about and contact pages position Cropfood as a direct trading partner to supermarket chains with a logistics centre in Vasad. This is the strongest initial Hungary lead because the official source combines direct garlic evidence with a clear produce-wholesale and retail-supply profile."
"Serbia, FR(Serbia/Montenegro)",61,8844.13,Tier 3,VOCE PROMET d.o.o.,9,"fresh garlic and onion; imported and domestic fruits and vegetables; regional distribution",importer/distributor/wholesaler,https://www.vocepromet.net/,"+381 17 404 042 / +381 60 4477 355",vocepromet@hotmail.com,,"Bledska 1, Vranje, Serbia",https://www.vocepromet.net/en/contact.php,official website,"Official Voce Promet contact pages list garlic and onion among traded products and publish direct Vranje landline, mobile and email contacts. Official about pages describe the company as one of the biggest companies in southern Serbia, importing and exporting fruits and vegetables, running banana-ripening capacity, and distributing goods across the south, central and west of Serbia. This is now the strongest Serbia lead because it combines direct garlic product evidence with importer, distributor and wholesaler fit, unlike retailer-only garlic listings."
Uzbekistan,62,8277.13,Tier 3,UzAgroProduct,1,fresh young garlic; dried garlic,exporter/supplier/packer,https://www.uzagroproduct.com/,+998 (90) 905 07 57,sales@uzagroproduct.com,,"Fergana, Galakon ZZ, Uzbekistan",https://www.uzagroproduct.com/,official website,"Official UzAgroProduct pages explicitly say the company offers both fresh young garlic from the new harvest and high-quality dried garlic, with processing and customized packing services, efficient logistics and strict quality control. This is now Uzbekistan's strongest contact-ready official direct-garlic route. OOO First Fruits remains the strongest paid-customs/FCL ownership target because public NBD, Volza and Trademo summaries identify it as a high-volume Uzbekistan importer with related HS 07032000 garlic-code evidence, but no official website or direct public contact was verified."
Lithuania,63,8225.06,Tier 3,UAB Baltic Fresh Fruit,4,"garlic purchasing; fresh fruits and vegetables; supermarket wholesale",produce importer/wholesaler/distributor,https://bff.lt/en/about-us/,00370 650 24901,julia.sepute@bff.lt,Julia Šeputė,"Stariškės g. 7, Laistų km., Dovilų sen., Klaipėdos r. sav., LT-95369, Lithuania",https://bff.lt/en/contact-us/,official website,"Official Baltic Fresh Fruit pages describe the company as a leading Baltic fruit-and-vegetable trader whose core business is wholesale supply to Lithuanian supermarket chains and Baltic buyers, with trade connections in more than 30 countries and 13,700 square meters of warehouses in Klaipėda and Vilnius. The official contact page publishes a purchasing-department contact specifically covering garlic, listing Julia Šeputė with direct email and mobile number. This is the strongest current Lithuania lead because the official sources combine direct garlic purchasing ownership with produce-import, warehousing and supermarket-wholesale scale."
Ukraine,64,7991.74,Tier 3,LLC Fozzy Commerce Ukraine,11,"fresh garlic import shipments; direct import and distribution; retail-group procurement",importer/distributor/retail-group procurement,https://fozzycommerce.com.ua/,,,,"Prospekt Pavla Tychyny 1V, office 189, Kyiv 02152, Ukraine",https://fozzycommerce.com.ua/,official website + public customs-summary data,"Official Fozzy Commerce pages say the company is part of Fozzy Group, handles wholesale trade, actively develops import and distribution, supplies all businesses of the holding, works directly with producers in more than 60 countries and had 1,200 direct-contract partners. Public Volza fresh-garlic buyer data lists LLC Fozzy Commerce Ukraine among Ukraine's top fresh-garlic importers, with more than 100 fresh-garlic import shipments in the public buyer table. This now outranks AGROFRESH GROUP because Fozzy Commerce combines official buyer-side direct-import infrastructure, national retail-group demand and public fresh-garlic import evidence, while AGROFRESH remains a strong direct-contact specialist for dry bulb and vacuum-peeled garlic."
Russian Federation,65,7632.60,Tier 3,X5 Group / X5 Import,4,"fresh garlic; fruits and vegetables direct import; supplier procurement",retailer/direct importer/procurement buyer,https://x5.ru/en/,"+7 495 662 88 88 / +7 495 789 95 95",import_fv@x5.ru / direct_import@x5.ru,,"119049, Russia, Moscow, Koroviy Val street, 5, building 1",https://x5.ru/en/partners/x5-import/,official website,"Official X5 Import pages say X5 directly imports goods from more than 70 countries through more than 1,500 suppliers, prioritizes seasonal fruits and vegetables, and operates three multi-temperature hubs with infrastructure for fruit and vegetable storage. Official supplier pages publish foreign-supplier category emails for fruits and vegetables and grocery/fresh products plus corporate phone and address, while official Perekrestok product-category pages list multiple fresh garlic SKUs. This now outranks the prior specialist supplier because it is the strongest buyer-side Russian Federation lead for full-container outreach, combining direct import infrastructure, produce procurement contacts and national retail demand."
Bahrain,66,7385.56,Tier 3,LuLu Bahrain Hypermarket WLL,4,"fresh garlic; garlic paste; garlic powder; garlic pickle; public garlic buyer evidence",retailer/importer/procurement buyer,https://gcc.luluhypermarket.com/en-bh/,"+973 17553555 / +973 17558320 / WhatsApp +973 65005858",,,"P.O. Box 21584, Kingdom of Bahrain",https://gcc.luluhypermarket.com/en-bh/p/18658-ea/,official website + public customs-summary data,"Official LuLu Bahrain product pages list fresh Garlic Pure White China 250 g and other garlic formats, while public Trademo Bahrain garlic buyer data lists Lulu Bahrain Hypermarket WLL with Shipment Count 275 and Lulu Bahrain Hypermarket SPC with Shipment Count 178. This now outranks MBT Fruits and Vegetables for top Bahrain lead because it combines direct official garlic assortment with the strongest public garlic buyer evidence in the country, although MBT remains a better pure produce-wholesale contact."
Senegal,67,6973.19,Tier 3,Sadidal,1,fresh white garlic; garlic in carton,importer/distributor/producer,https://sadidal.sn/,+221 33 855 95 99,contact@sadidal.sn,,"Marché Gueule Tapée, P.A. N°652, Dakar, Senegal",https://sadidal.sn/,official website,"Official Sadidal pages explicitly list fresh white garlic and garlic in carton under the Tawffex brand, while the company describes itself as a Senegalese agro-food distribution business specialized in importing and distributing food products across Senegal and the sub-region with logistics, storage, and same-day Dakar delivery. This is the strongest initial Senegal lead because the official source combines direct garlic evidence with importer-distributor scale and national distribution reach."
Jordan,68,6777.55,Tier 3,Jordan Oasis for Fruit and Vegetables,1,imported garlic; fresh fruits and vegetables,importer/wholesaler/retailer/logistics provider,https://www.jordoasis.com/,+962 6 412 35 34,,,"Amman Central Vegetables Market, Khreibet Al Souq, Amman, Jordan",https://www.jordoasis.com/about,official website,"Official Jordan Oasis pages state the company is a prominent leader in the import, wholesale and retail of fruits and vegetables in the Jordanian market, provides cold stores and warehouse services, and explicitly lists China garlic among its import origins. This is the strongest initial Jordan lead because the official source combines direct garlic-import evidence with wholesale, retail, and logistics capability."
Slovak Republic,69,6446.03,Tier 3,LUNYS s.r.o.,1,fresh garlic,importer/distributor/wholesaler/retailer/logistics provider,https://www.lunys.sk/,+421 908 70 60 50,zakaznik@lunys.sk,,"Hlavná 4512/96, 059 51 Poprad, Slovakia",https://www.lunys.sk/produkt/cesnak-volny/,official website,"Official Lunys product pages directly list fresh garlic in the assortment, while the company's official about and contact pages describe Lunys as one of Slovakia's leading food and fresh-produce distributors, working with suppliers across Europe, moving 58,000,000 kg annually, and serving wholesale, retail, horeca, and home-delivery channels nationwide. This is the strongest initial Slovak Republic lead because the official sources combine direct fresh-garlic evidence with large domestic logistics and distribution scale."
Mongolia,70,6230.39,Tier 3,Gatsuurt LLC,1,fresh garlic; vacuum-sealed vegetables,producer/distributor/wholesaler/retailer,https://gatsuurt.mn/,(+976) 70171907,sales_info@gatsuurt.mn,,"Gatsuurt LLC headquarter, west of Thermal Power Plant 2, 20th khoroo, Bayangol district, Ulaanbaatar City, Mongolia",https://gatsuurt.mn/en/products/food/vegetable,official website,"Official Gatsuurt vegetable pages directly list garlic in the assortment and publish head-office contacts, while the company’s official warehouse and food pages show large-scale storage, cool-chain infrastructure, and nationwide factory stores. This is the strongest initial Mongolia lead because the official source combines direct garlic evidence with integrated production, warehousing, and broad domestic distribution fit."
Malta,71,6009.99,Tier 3,FNG Supplies Co Ltd,1,garlic; fresh herbs and vegetables,wholesaler/distributor/catering supplier,https://www.fngsuppliesltd.com/,"99 455 911 / 99 892 959",sales@fngmalta.com,,"Sqaq Tac-Cawla Triq Il-Belt Valletta, Rabat RBT 5320, Malta",https://www.fngsuppliesltd.com/our-produce,official website,"Official FNG produce pages directly list garlic in the herb assortment, while the company’s home and contact pages describe the business as fruit and vegetable wholesalers supplying the catering trade across Malta and Gozo, with named sales channels and free island-wide deliveries. This is the strongest initial Malta lead because the official sources combine direct garlic evidence with clear B2B catering and wholesale distribution fit."
Slovenia,72,5764.35,Tier 3,KRNC d.o.o.,1,fresh garlic; fresh vegetables; processed vegetables,wholesaler/distributor/processor/foodservice supplier,https://www.krnc.si/,+386 (0)7 393 09 00,info@krnc.si,,"Mestne njive 14, 8000 Novo mesto, Slovenia",https://www.krnc.si/si/predstavitev/,official website,"Official KRNC presentation and online ordering pages explicitly list garlic among the fresh vegetables, while the company states it sells fresh fruits and vegetables, frozen and canned programs, operates a vegetable-processing line, and delivers with its own fleet across Slovenia including kitchen chains such as Sodexo and Eurest. This is the strongest initial Slovenia lead because the official sources combine direct fresh-garlic evidence with nationwide B2B produce distribution and processing fit."
Jamaica,73,5708.50,Tier 3,Spanish Grain Store Limited,1,garlic; fresh produce; groceries,importer/producer/distributor/wholesaler,https://spanishgrain.com/,876-595-5095,,,"15 Second Street, Newport West Kingston 13, Jamaica",https://spanishgrain.com/services/fresh-produce/1000/,official website,"Official Spanish Grain fresh-produce and company pages explicitly list garlic in the assortment and describe the company as one of Jamaica's largest importers, producers, and distributors of meats, grains, and produce, delivering islandwide to wholesalers, supermarkets, restaurants, and over two thousand commercial customers. This is the strongest initial Jamaica lead because the official sources combine direct garlic evidence with large-scale national import and distribution fit."
Luxembourg,74,5300.81,Tier 3,GROSBUSCH SA,1,fresh garlic,importer/distributor/wholesaler/processor,https://grosbusch.lu/,+352 403 703,contact@grosbusch.lu,,"10-11 Z.A.E Le Triangle Vert, L-5691 Ellange, Luxembourg",https://shop.grosbusch.lu/fr/epices-condiments/ail.html?origine=6,official website,"Official Grosbusch shop pages directly list fresh white garlic, while the company site and legal notice state Grosbusch has been active in the importation and distribution of fresh fruits and vegetables in Luxembourg since 1917 and operates logistics, pre-packaging, and fresh-cut services. This is the strongest initial Luxembourg lead because the official sources combine direct garlic evidence with long-established import and distribution scale."
"Egypt, Arab Rep.",75,5246.10,Tier 3,Tomna for Agricultural Investment,1,fresh garlic; dry garlic; frozen vegetables,grower/producer/processor/export supplier,https://tomna.farm/,+20 100 27 17 275,Info@tomna.farm,,"Garden City, Cairo, Egypt",https://tomna.farm/contact-us/,official website,"Official Tomna pages describe the company as a leading grower and producer of garlic in Egypt, offering fresh and dry garlic plus frozen produce, with integrated farming, grading, sorting, packing, retail packaging, logistics, delivery, and export. The official site also says Tomna supplies top-tier wholesalers and retailers globally. This is the strongest initial Egypt lead because the official sources combine direct garlic specialization with integrated processing and large-scale delivery capability."
Peru,76,4941.96,Tier 3,White Lion Foods,1,fresh garlic; Andean purple garlic; 20-foot and 40-foot container supply,grower/processor/exporter/bulk supplier,https://whitelionfoods.com/,"+51 987 393 772; +44 7850 213 432",info@whitelionfoods.com,,"Peru facilities: Puerto Maldonado, Madre de Dios, Peru; garlic fields in Arequipa, Peru",https://whitelionfoods.com/,official website,"Official White Lion Foods pages describe the group as producing fresh garlic in Peru, growing more than 100 hectares of garlic in Arequipa, and supplying bulk fresh garlic in 20-foot or 40-foot containers through the Port of Callao to more than 45 countries. This is Peru's strongest public FCL-style garlic lead because the official source combines direct garlic evidence, container-scale logistics and international distribution."
Algeria,77,4928.05,Tier 3,Melianex,1,fresh garlic,wholesaler/export supplier/distributor,https://melianex.com/,,,,,https://melianex.com/en/product/fresh-garlic/,official website,"Official Melianex product pages directly list premium white fresh garlic from Algeria with wholesale packaging options, export standards, and a minimum order of 1000kg. This remains Algeria's strongest public lead because the official source combines direct fresh-garlic evidence with clear wholesale/export scale, even though public contact details are not exposed on the product page."
Bulgaria,78,4792.80,Tier 3,Dira Frukt EOOD,1,fresh garlic; fresh fruits and vegetables; produce imports,importer/wholesaler/distributor,https://www.dirafrukt.eu/,+359 (0) 2 9712743,"office@dirafrukt.eu; dira_frukt@abv.bg","Dimitar Vandov; Svetlana Bankova","Sofia (Slatina), Professor Tsvetan Lazarov Blvd. 13, warehouse 109; Parvenets 4110 (Plovdiv), Komatevsko shossee, Vegetable Mart of Parvenets, warehouse 8 and 9, Bulgaria",https://www.dirafrukt.eu/activity_en.html,official website,"Official Dira Frukt pages describe one of Bulgaria's main reliable importers of fruits and vegetables, direct imports from multiple European and Turkish sources, over 800 trucks per year, temperature-controlled warehousing and national distribution. Volza's public Bulgaria garlic-fresh buyer table also lists Dira Frukt with public garlic-fresh shipment evidence, making it Bulgaria's strongest contactable fresh-garlic lead."
Mauritius,79,4756.26,Tier 3,Agricultural Marketing Board (AMB),1,fresh whole garlic; garlic seed; controlled products,parastatal importer/market regulator/wholesale buyer,https://ambmauritius.mu/,(230) 433 4025,agbd@intnet.mu,,"Dr Georges Leclezio Avenue, Moka, Mauritius",https://ambmauritius.mu/services/,official website,"Official AMB services and products pages list fresh whole garlic under HS 0703 2000 as a controlled product and list Garlic Chinese and garlic seed among AMB products. The Mauritius Chamber of Commerce import guide states AMB clearance is required before importing fresh whole garlic, making AMB the strongest Mauritius garlic-specific gatekeeper/lead. For direct commercial selling, pair this with Proxifresh, International Food Solution, Panagora and BrandActiv validation."
"Bahamas, The",80,4747.29,Tier 3,Sysco Bahamas Food Services,1,"fresh produce; imported foods; foodservice products",foodservice distributor/importer/wholesaler,https://www.bahamafood.com/,"(242) 361-2000",foodsales@bahamafood.com,,"PO Box N-4401, Gladstone Road, Nassau, NP, The Bahamas",https://www.bahamafood.com/our-products,official website,"Official Sysco Bahamas pages say the company delivers to resorts, hotels, restaurants and institutions across Nassau and more than 20 Family Islands, serves more than 2,000 customers, offers over 10,000 products, and supplies fresh produce and imported foods. The official history also notes the acquisition of Prime Bahamas, a major fresh produce distributor. This is the strongest initial Bahamas lead because the official sources combine fresh-produce evidence, large-scale cold-chain distribution, and clear hotel and foodservice demand."
Bosnia and Herzegovina,81,4407.94,Tier 3,Frutis d.o.o. Sarajevo,1,fresh fruit and vegetables; imported produce; refrigerated distribution,produce wholesaler/importer/distributor,https://www.frutis.ba/,+387 33 510-771,,,"Safeta Zajke 261 B, Rajlovac, 71000 Sarajevo, Bosnia and Herzegovina",https://www.frutis.ba/en/about_us,official website,"Official Frutis pages state that the companys primary activity is wholesale of fresh fruit and vegetables, that it supplies some of the largest retail chains, hotels and catering facilities across Bosnia and Herzegovina, and that imported fruit and vegetables arrive through its own transport capacity and refrigerated vehicles. Garlic fit is inferred from the imported fresh-produce wholesale platform rather than a public garlic SKU; this is the strongest Bosnia fresh-garlic validation lead found in this pass."
Uruguay,82,4313.31,Tier 3,Pingakol S.A.,1,fresh vegetables; imported produce; frozen vegetables; garlic shipment signal,importer/distributor/wholesaler,https://www.pingakol.com/,+598 2311 45 92,info@pingakol.com.uy,,"Camino Luis Eduardo Perez 6651. Nave B, local 103 - UAM, Montevideo, Uruguay",https://www.pingakol.com/contact-us,official website,"Official Pingakol pages describe the company as an importer and distributor of fruits and vegetables with a logistics hub at the Unidad Agroalimentaria de Montevideo, supply relationships across Uruguay, and service to commerces, industries, restaurants and large supermarket chains. The company also maintains a frozen line. Volza public Uruguay garlic-buyer data lists Pingakol SA as the third-largest Uruguay garlic buyer with 7 garlic shipments, making it the best contactable Uruguay lead for fresh and frozen garlic outreach."
Latvia,83,4215.30,Tier 3,SIA Kerio,1,fresh garlic; bulk vegetables; onions and garlic shipment signal,produce wholesaler/distributor,https://keriolatvia.com/,"+371 26 100 819; +371 26661239; +371 26100819",keriosia@inbox.lv,,"Snikeres iela 25 K-1, Riga, LV-1067, Latvia",https://keriolatvia.com/product/garlic/,official website,"Official Kerio pages directly list garlic with the description 'Buy garlic in bulk' and describe broad vegetable supply for business customers, refrigerated storage, delivery, EU-standard vegetables, named customers including Maxima, Top, Lido, Mego and Sanitex, and 50,000 tons of vegetables delivered yearly. Trademo public vegetable/parsley buyer pages and Volza garlic-powder/onion buyer data also show SIA Kerio shipment signals. This is now the strongest Latvia fresh-garlic validation lead."
Nigeria,84,4211.51,Tier 3,Pitisa Fruits Company Nigeria Ltd,1,fresh fruits; imported produce; foodservice products,produce importer/distributor/wholesaler,https://pitisagroup.com/,+2347042553323,info@pitisafruits.com,Anita - Commercial manager; Kate Etim - Chief Operations Officer,"Plot 77/79, Amuwo Odofin Park Estate, Ijesha, Lagos, Nigeria",https://pitisagroup.com/home-page/,official website,"Official Pitisa pages describe one of the biggest players in fruit importation to Nigeria, driving 10% of fruit importation, and supplying grocery and convenience stores, restaurants, schools, nursing homes, hospitals and wholesalers. The same official page states that Pitisa has two distribution centers, 1,300+ items, local and imported produce, a vehicle fleet, and named commercial and operations contacts. Garlic fit is fresh-produce import/distribution scale rather than a public garlic SKU."
Cyprus,85,4050.12,Tier 3,Andreas Papanicolis & Son Ltd,1,garlic; fresh fruits and vegetables; local and imported produce,produce wholesaler/distributor,https://papanicolis.com/,"+357 25 390039; +357 25 390034","orders@papanicolis.com; info@papanicolis.com",,"5 Agoras Avenue, Limassol Municipal Wholesale Market, Shop 4-5, 3056, Limassol, Cyprus",https://papanicolis.com/,official website,"Official Andreas Papanicolis pages directly list Garlic among vegetables and describe wholesale and distribution of fresh fruits and vegetables throughout Cyprus, serving hotels, restaurants, supermarkets, ship catering, English bases and other customers. The official site also states the company handles local or imported produce, operates large cold rooms and uses a 20-truck refrigerated fleet. This is now the strongest Cyprus fresh-garlic validation lead."
"Korea, Rep.",86,4020.53,Tier 3,Hyundai Green Food,1,"food ingredient distribution; garlics; fresh food materials",food ingredient distributor/foodservice buyer/cold-chain operator,https://www.hyundaigreenfood.com/,+82 031-525-2233,,,"30, Munin-ro, Suji-gu, Yongin-si, Gyeonggi-do, 16827, Korea",https://hyundaigreenfood.com/en/fb/fdb/FBFDB03L.hgc,official website,"Official Hyundai Green Food pages describe the company as a leader in Korean food ingredient distribution supplying fresh food ingredients daily, with about 20,000 items supplied and around 900 clients. The distribution-risk page explicitly lists garlics among reserved products maintained for stable supply, while related infrastructure pages describe refrigerated and frozen management plus food-material distribution centres. This remains Korea's strongest top-ranked lead because the official sources combine direct garlic evidence with large-scale national food-material distribution."
Georgia,87,3776.12,Tier 3,Agrohub,1,"imported food; fresh fruits and vegetables",retailer/importer/processor,https://agrohub.com.ge/,+995 032 244 07 07,info@agrohub.ge,,"22 Marshal Gelovani Ave., Tbilisi, Georgia",https://agrohub.com.ge/en/about-us/,official website,"Official Agrohub pages describe the company as a full-scale production, farming and import ecosystem with multiple branches, about 20,000 daily customers, and exclusive imports of selected global products. The hypermarket pages also state that fruits and vegetables are checked daily before being placed on counters. Garlic fit is inferred from the companys imported-food and fresh-produce retail platform rather than a public garlic SKU. This remains Georgia's strongest top-ranked contactable lead because the official sources combine import scale, own processing, fresh-produce retail throughput and public contact details."
Albania,88,3722.08,Tier 3,Neta L.t.d,1,"garlic; fresh fruits and vegetables",grower/wholesaler/export supplier,https://www.neta.al/,+355 69 440 5678,info@neta.al,,"Lushnje-Fier Highway - 1st KM, near Savre Roundabout, Lushnje, Albania",https://www.neta.al/product/garlic/,official website,"Official Neta pages directly list garlic as an exported vegetable available year-round and position the company as Albania's largest exporter of fresh produce, serving major wholesalers across Europe with over 20 years of experience. This remains Albania's strongest top-ranked lead because the official sources combine direct garlic evidence, export-grade wholesale positioning, year-round availability and public contact details."
Estonia,89,3635.61,Tier 3,OÜ Karlskroona,1,"fresh fruits and vegetables",produce wholesaler/importer/distributor,https://karlskroona.ee/,+372 606 4626,info@karlskroona.ee,,"Loovälja tee 1, Jõelähtme vald, 74201 Harjumaa, Estonia",https://karlskroona.ee/test/,official website,"Official Karlskroona pages state the company is the largest fruit and vegetable wholesaler in Estonia, belongs to the Veikko Laine Oy group, operates a modern warehouse with innovative storage conditions, and supplies secondary wholesale firms, independent retailers and retail chains. Garlic fit is inferred from the companys fresh-produce wholesale scale rather than a public garlic SKU, but this remains Estonia's strongest top-ranked official-source lead for container-scale fresh garlic sales after the country reached 20 verified leads."
Iceland,90,3472.94,Tier 3,Bananar,1,"fresh vegetables; fruits; berries",importer/distributor/wholesaler,https://www.hagar.is/en/companies/bananar/,525 0100,bananar@bananar.is,,"Korngarðar 1, Reykjavík, Iceland",https://www.hagar.is/en/companies/bananar/,official website,"Official Hagar corporate pages state Bananar is Iceland's largest importer and distributor of fresh vegetables, fruits and berries, one of the country's largest import companies, and the largest buyer and distributor of locally grown vegetables and berries in Iceland. The page also says Bananar serves about 900 customers including retailers, restaurants, healthcare institutions, schools, preschools and cafeterias, with weekly sea shipments and daily air deliveries. This remains Iceland's strongest top-ranked lead after the country reached 20 verified leads because the official sources combine clear import scale, nationwide fresh-produce distribution and broad institutional demand."
Honduras,91,3466.63,Tier 3,AFS Distributors / American Food and Snacks,1,"imported food brands; foodservice; supermarkets",importer/distributor/foodservice supplier,https://afsdistributors.com/,"+504 3392-1465 / +504 3337-1846",amfoods@afsdistributors.com,,"Tegucigalpa, M.D.C., Honduras",https://afsdistributors.com/es/,official website,"Official AFS pages state the company imports and distributes high-demand international food products with national coverage across supermarkets, convenience stores, membership clubs, wholesalers, hotels, restaurants and coffee shops in Honduras. AFS remains Honduras's strongest top-ranked lead because it combines public contact details, importer/distributor fit and foodservice plus retail channel reach; garlic fit is inferred from imported-food distribution rather than a public garlic SKU."
Botswana,92,3402.53,Tier 3,Sefalana Fresh Produce,1,"fresh garlic; fresh fruit and vegetables",produce wholesaler/distributor/importer,https://www.sefalana.com/,3186935 / 3186946,info@sefalana.com,,"Plot 313557 / 8 Gaborone North, Gaborone, Botswana",https://www.sefalana.com/p/sefalana-fresh-produce/contact-us/,official website,"Official Sefalana Fresh Produce pages identify the business as a wholesaler of fresh fruit and vegetables supplying Sefalana retail and wholesale stores throughout Botswana. Volza public Botswana garlic-buyer data identifies Sefalana Fresh Produce entities as leading visible garlic importers with hundreds of fresh/chilled garlic shipments. Sefalana is Botswana's strongest top-ranked lead because it combines direct garlic shipment evidence, official contact details and national fresh-produce wholesale infrastructure."
North Macedonia,93,3368.43,Tier 3,Sistem Grupa DOOEL Resen,1,"fresh fruits and vegetables",export-import wholesaler/distributor,https://www.sistemgrupa.mk/,"+36304123756; +38970558000; +38971254000","info@sistemgrupa.mk; koka2003@t.mk",,"ul. Leninova, 7310 Resen, North Macedonia",https://www.sistemgrupa.mk/contact,official website,"Official Sistem Grupa pages describe the company as a leading export-import business specializing in fresh fruits and vegetables with over 20 years of experience, warehouses in North Macedonia and Albania, and supply relationships across Europe and the Middle East. Sistem remains North Macedonia's strongest top-ranked official-source lead after the country reached 20 verified leads because it combines fresh-produce import/export positioning, warehouse infrastructure and public contact details. Direct garlic evidence is stronger at JON-FRUIT, but Sistem is a better FCL-style distributor target pending buyer ownership validation."
Suriname,94,3344.05,Tier 3,Amazone International N.V. / Amazone Wholesale,1,"fresh produce; food distribution; wholesale groceries",importer/distributor/wholesaler,https://www.amazonewholesale.com/,+597 54 67 08,info@amazone-international.com,,"Nieuwe Charlesburgweg #132, Paramaribo - Suriname",https://www.amazonewholesale.com/divisions,official website,"Official Amazone Wholesale pages describe the group as a leading wholesale and distribution center for food and non-food products in Suriname, serving wholesale buyers, hospitality and foodservice customers with 40000+ SKUs and 1200+ clients. The official divisions page adds imported dry and fresh foods, premium produce, frozen products and broad district distribution. This remains Suriname's best top-ranked lead because it combines produce/frozen/foodservice fit, national sales coverage and direct official contact details; direct garlic SKU or shipment ownership still needs paid-data validation."
Barbados,95,2806.03,Tier 3,Massy Distribution (Barbados) Ltd.,1,"dry and refrigerated food products; food and general distribution",importer/distributor/wholesaler,https://massydistribution.com/mdb/,1 246 417 8700,feedback.bb@massydistribution.com,Shondelle Alleyne,"Mighty Grynner Highway, St. Michael, Barbados",https://massydistribution.com/bb/?page_id=80,official website,"Official Massy Distribution pages state the company is the largest distributor of consumer goods in Barbados, with expansive distribution across supermarkets, wholesalers, hotels, restaurants and other channels, 210000 sq ft of warehousing, refrigerated cold rooms, bonded facilities and dry/refrigerated food products. This is Barbados's strongest top-ranked lead because it combines food-distribution scale, cold-chain infrastructure, broad trade coverage and a named Food & General contact; direct garlic importer ownership still needs paid-data validation."
Lebanon,96,2523.74,Tier 3,AgroFruit Sarl,1,"fresh fruits and vegetables; garlic",importer/exporter/produce wholesaler,https://agrofruitsarl.com/,"+961 3 989498; +961 71 000 950; +961 6 876655","info@agrofruitsarl.com; agrofruitsarl@gmail.com",,"Sea Side next to new wholesale Fruit & vegetable market, Tripoli, Lebanon",https://agrofruitsarl.com/,official website,"Official AgroFruit pages describe the company as one of the top leading companies in the Lebanese market for fresh fruits and vegetables, importing a complete range of fresh produce from more than 30 countries, operating cold storage and export packing machinery near Tripoli port, and delivering across Lebanon. The official products section explicitly lists garlic, making this the strongest initial Lebanon lead for fresh garlic container outreach."
Angola,97,2423.81,Tier 3,AngoAlissar,1,"food import and distribution; commodities; FMCG; frozen goods",importer/distributor/cash-and-carry network,https://www.angoalissar.com/,+244 222 440 111,info@angoalissar.com,,"Edifício Luanda Tower - 14.º andar, Rua Gamal Abdel Nasser, Ingombota, Luanda, Angola",https://www.angoalissar.com/contact-us/?lang=en,official website,"Official AngoAlissar pages describe the company as the largest commodities and FMCG distribution company in Angola and one of the largest food importers and distributors in the country. The official site states it distributes more than 300 national and international brands across more than 88 cash and carries, operates in 12 provinces, and has over 25 years of food import, manufacture and distribution experience. Garlic fit is inferred from this broad food-import and distribution platform rather than a public garlic SKU, but this is the strongest initial Angola lead for container-scale garlic sales."
Maldives,98,2392.72,Tier 3,MADIHAA Company Pvt Ltd,1,"fresh fruits and vegetables",importer/distributor/produce wholesaler,https://www.madihaa.mv/,+960 3328827,madicom@dhivehinet.net.mv,,"M. Dharavandhooge Uthuruge, First Floor, Lainoofaru Magu, 20223, Male', Republic of Maldives",https://www.madihaa.mv/madihaa/about-us,official website,"Official MADIHAA pages describe the company as the leading importer and distributor of fresh fruits and vegetables in the Maldives, serving the island nation since 1985 and importing a large variety of fruits and vegetables. The official site also states the company diversified into frozen products and became a shopping hub for retailers throughout the Maldives. This is the strongest initial Maldives lead because the official sources directly establish national fresh-produce import and distribution relevance."
Namibia,99,2319.93,Tier 3,Wecke & Voigts Wholesale / Wecke & Voigts Group,1,"fresh garlic shipment leader; fresh fruit and vegetables; wholesale groceries",wholesaler/supermarket group/import buyer,https://weckevoigtswholesale.com/,+264 61 217520,"orders@wholesale.com.na; phite@wholesale.com.na",Philip Hite / Liyane Jansen,"Tommie Muller Street, Northern Industrial Area, Windhoek, Namibia",https://weckevoigtswholesale.com/contact/,official website plus public customs-data profile,"Official Wecke & Voigts Wholesale pages describe bulk grocery supply for retailers, convenience stores, hospitality businesses, farmers and lodge owners, with delivery across Namibia, 27000+ products, fresh fruit and vegetables, catering, frozen and fresh meat sections, and named store/buyer staff. Volza and Trademo public buyer summaries identify Wecke & Voigts as Namibia's top visible fresh/garlic buyer, making this the strongest Namibia FCL target pending paid-data validation."
Montenegro,100,2265.20,Tier 3,VOLI Trade d.o.o. / HORECA,1,"fresh fruits and vegetables; horeca wholesale",wholesale procurement buyer/horeca distributor,https://kompanija.voli.me/,"+382 20 445 000; 020/445-049; 020/445-029",,,"Josipa Broza Blvd, Podgorica, Montenegro",https://kompanija.voli.me/en/horeca/,official website,"Official Voli pages state the HORECA center is the company's wholesale unit, covers the central, southern and northern regions of Montenegro, and serves more than 700 buyers annually. Voli's official navigation also links fruits and vegetables under the Horeca section. Garlic fit is inferred from Voli's fresh-produce, supermarket and HORECA wholesale platform rather than a public garlic SKU. Arivera Fruit is the strongest fresh-produce importer/wholesaler challenger lead, but Voli remains the top-ranked FCL prospect because of retail plus wholesale channel scale."
Cameroon,101,2209.48,Tier 3,3TG Cameroon,1,"vegetables and fruit; agri-food products",foodservice supplier/distributor,https://3tg-cm.com/,"(+237) 679 75 38 51; (+237) 233 430 822",sales@3tg-cm.com,,"Rue 2382, Bonapriso, Douala, Cameroon; BP: 15270 Akwa Cameroun",https://3tg-cm.com/our-services-all/fresh-vegetable-fruit/,official website,"Official 3TG pages state the company works with large local farmers and players in large local markets to provide high quality vegetables and fruits, while the company overview says its goal is to be the main supplier of ships, airports, hotels and restaurants. Garlic fit is inferred from the company's official fresh-vegetable sourcing and food-supply platform rather than a public garlic SKU. Promodis/Ngouchet is the strongest broad food-importer challenger and FoodHouse has direct garlic merchandising, but 3TG remains the top-ranked Cameroon FCL prospect because it combines fresh-produce sourcing, institutional supply and public contactability."
Mozambique,102,2094.25,Tier 3,Bindzu Agrobusiness e Consultoria Lda,1,"fruits, vegetables, cereals and legumes",produce wholesaler/distributor/market agent,https://www.bindzu.co.mz/,"+258 21 301718 | +258 87 203 0200",contact@bindzu.co.mz,,"Rufino de Oliveira Street, No. 97 Ground Floor Maputo - Mozambique",https://www.bindzu.co.mz/en/agenciamento-de-mercado,official website,"Official Bindzu pages state the company acts as a market agent for more than 100 farmers, supplies hospitals, hotels, restaurants and wholesale markets in Zimpeto and Fajardo, and manages daily movements of more than 100 tons of fruits, vegetables, cereals and legumes. Oceano is the strongest frozen/fresh food importer-distributor challenger, while Terramar/Nutritir, Procongel, SAJUP and Moz Ship Supply strengthen cold-chain and foodservice validation. Bindzu remains Mozambique's top-ranked FCL prospect because its official source shows the clearest fresh-produce throughput and multi-channel buyer coverage."
"Armenia","103","2072.97","Tier 3","Spayka LLC","1","fresh fruits and vegetables","agricultural trading company/exporter/produce wholesaler","https://www.spayka.am/","+374 60 704 444; +374 10 444 470","spayka@spayka.com","","70/18 Bagratunyats St., Yerevan 0007, RA","https://www.spayka.am/en/about_us_block/about_us.html","official website","Official Spayka pages describe the company as the leading agricultural holding in the region, a freight-forwarding company and exporter of fruits and vegetables to CIS, Gulf and European countries. The same official source states Spayka is the main exporter of fresh fruits and vegetables from Armenia with a 70 percent share, operates sorting and packaging lines, has a 12000-ton refrigeration complex and owns a fleet of more than 320 vehicles. Farmerup has the clearest direct public fresh-garlic SKU and Volza exposes Armenia fresh-garlic buyer names, but Spayka remains the top-ranked Armenia lead because official pages show the strongest produce, cold-chain and logistics scale for full-container qualification."
"Ghana","104","2045.53","Tier 3","Kwatsons West Africa Ltd. / MaxMart Distribution","1","dry, chilled and frozen food products; foodservice distribution","food importer/distributor/wholesaler/foodservice supplier","https://kwatsons.com/","0302819356; 0244273067; 0332027464; 0277782685","","Nabil Al Zahab, Food Service Manager","1st Spintex Close, Spintex Road, Accra; No. 11/8 Old John Sarbah Road, Takoradi, Ghana","https://kwatsons.com/contact-us","official website","Official Kwatsons pages describe a full-service distributor supplying specialty and world food brands to retail, wholesale and foodservice sectors throughout Ghana and West Africa. The company states it has operated in Ghana since 1985, specializes in food import and distribution, carries about 2500 SKUs, serves supermarkets, hotels, restaurants and catering customers, and operates more than 3000 square meters of storage including modern cold rooms for chilled and frozen products. Eden Tree and Ghana Whole Foods provide stronger direct public garlic SKU evidence, while Shoprite, God Is Good Farms and other public trade-data names provide shipment-signal validation, but Kwatsons is Ghana's top-ranked contactable FCL-style route-to-market lead."
Moldova,105,2010.42,Tier 3,MOLDRETAIL GROUP SRL / Linella,1,"fresh garlic; fruits; berries; vegetables; pickles; frozen products",retailer/procurement buyer,https://linella.md/,"14505; +373 3000 1515",relatiiclienti@linella.md,,"121, Muncesti str., Chisinau, Moldova",https://linella.md/en/about_as,official website + public customs-data summary,"Official Linella pages describe the company as a one hundred percent national chain with the largest geographical extension throughout Moldova, 199 stores across the country, and Fruits, Berries, Vegetables, Pickles and Frozen products among core categories. Volza's public Moldova fresh-garlic buyer summary identifies MOLDRETAIL GROUP SRL as the top visible fresh-garlic buyer, accounting for 34 percent of Moldova's public fresh-garlic import sample with 33 shipments. Arena Fruct remains the strongest specialist produce-distribution challenger, but MOLDRETAIL/Linella is now Moldova's top-ranked lead because official national retail scale is supported by public garlic shipment evidence."
Nepal,106,1966.04,Tier 3,Agro Unicorn,1,"fresh garlic dry Chinese; fresh garlic dry Nepali; fresh vegetables and fruits",b2b grocery supplier/distributor/foodservice supplier,https://agrounicorn.com/,+977 9765002620,assist@agrounicorn.com,,"Kalimati, Kathmandu, Nepal",https://agrounicorn.com/looking-for-all-wholesale-groceries-suppliers-in-nepal/,official website,"Official Agro Unicorn pages describe the company as Nepal's fastest-growing B2B grocery supply-chain platform delivering mandi-rate groceries to restaurants, hotels, catering services, canteens and resellers. The official product list includes Fresh Garlic Dry Chinese and Fresh Garlic Dry Nepali alongside fresh vegetables and fruits. Volza exposes larger Nepal garlic shipment-signal names such as N S B Trade Suppliers, OM Sai Trade Suppliers and Rudrakshya International Trading PV, but Agro Unicorn remains Nepal's top-ranked contactable lead because it combines direct fresh-garlic SKU evidence with public phone/email and B2B foodservice positioning."
Aruba,107,1862.08,Tier 3,The Eight Continent Inc. (TEC INC.),1,"frozen foods; chilled products; dry food and beverage distribution",importer/wholesaler/distributor/foodservice supplier,https://tecaruba.com/,+297 582 1304,"info@tecaruba.com; salesmanager@tecaruba.com",Francis Angela,"Arendstraat 103, Oranjestad, Aruba",https://tecaruba.com/,official website,"Official TEC Aruba pages describe The Eight Continent Inc. as an agent, importer and local wholesale distributor serving Aruba's F&B industry, catering and retail establishments. The site says TEC reaches 96 percent of the Aruban market including hotels, supermarkets and restaurants, uses trucks for frozen and chilled products, and imports/distributes food and beverage products for foodservice and retail. Caribbean Overseas has the strongest freezer/facility evidence and PriceSmart has direct garlic and peeled-garlic SKU evidence, but TEC remains Aruba's top-ranked contactable FCL-style route-to-market lead because it combines island-wide reach, importer/distributor status and chilled/frozen logistics."
Macao,108,1812.22,Tier 3,Man Seng Food & Beverage Ltd. / Man Seng Group,1,"imported food; frozen food; chilled food; food supply services; supermarket supply",importer/wholesaler/distributor/foodservice supplier,https://www.msgmacau.com/,"(+853) 28922228; 28922623",dairy@macau.ctm.net,,"Rua do Dr L Pereira Marques Ponte Cais 6C, Porto Interior, Macau",https://www.msgmacau.com/man_seng_group.html,official website,"Official Man Seng pages describe a Macau food supplier founded in 1938 with more than 70 years of food supply experience, direct worldwide imports, and long-term partnerships with hotels, restaurants, food courts, airline foodservice, local wholesalers and retail stores. The group site says headquarters covers 39000 square meters with high/low temperature cold stores, dry warehouse, offices and cargo pier, plus more than 20 refrigerated vehicles and more than 10 trucks. Classic Fine Foods and Repertoire Culinaire are strong premium foodservice challengers, while Royal/San Miu/New Yaohan validate supermarket procurement, but Man Seng remains Macao's top-ranked contactable FCL-style lead because official sources combine island food-supply history, direct importing, cold stores and refrigerated logistics."
Belize,109,1809.98,Tier 3,Santiago Castillo Ltd.,1,"food importation; grocery distribution; wholesale and retail markets",importer/distributor/wholesaler/retailer,https://www.santiagocastilloltd.com/,+501 223-0610,Info@santiagocastilloltd.com,,"Central American Boulevard, Belize City, Belize",https://www.santiagocastilloltd.com/about,official website,"Official Santiago Castillo pages describe the company as one of Belize's largest food distributors, with food importation and distribution businesses, a 6000-product portfolio, 1000 countrywide customers, distribution centers in Belize City, Cayo, Orange Walk and Corozal, and supply to supermarket chains, wholesale markets and retail markets. The official group pages also describe Save-U's foodservice reach into restaurants, resorts and cruise ships. Nando's Wholesale, GraceKennedy Belize and Magil are strong challenger leads, but Santiago Castillo is the best-ranked Belize lead because its official evidence combines explicit food importation, nationwide distribution infrastructure, wholesale/retail markets and supermarket-chain supply."
Azerbaijan,110,1798.96,Tier 3,Baku Fruit Delivery / Global ST Group MMC,1,"fruit and vegetable import; HoReCa; packing; sales",importer/distributor/wholesaler/foodservice supplier,https://bfd.az/,+994 50 544 44 22,info@bfd.az,,"Baku, Khojasan Hwy. 58B, AZ1063, Azerbaijan",https://bfd.az/en/import,official website,"Official Baku Fruit Delivery pages state the company's main activity is annual import of fruit and vegetables to Azerbaijan throughout the whole year, with imports from the Netherlands, Turkiye, Costa Rica, South Africa, Poland, Ecuador, Morocco, Egypt, Iran, Belarus, UAE and other origins. The official import page says imported fruit and vegetables are stored in large company refrigerators and delivered fresh to clients, while the homepage identifies import, HoReCa, packing and sales activities. Agrosale is a strong fresh-vegetable and customs-clearance challenger, Bazarstore has the clearest direct public garlic and peeled-vegetable category evidence, and Veyseloglu/Azersun/Araz/Avrora/Bravo add national route-to-market scale, but Baku Fruit Delivery is the best-ranked Azerbaijan lead because official evidence combines direct year-round produce importing, refrigerated storage, HoReCa and sales."
Greenland,111,1711.31,Tier 3,Arctic Import,1,"food products; catering supplies; wholesale warehouse; Greenland supply chains",importer/wholesaler/distributor/foodservice supplier,https://arcticimport.uk/,+299 36 36 70,info@arcticimport.gl,,"Industrivej 14, 3900 Nuuk, Greenland",https://arcticimport.uk/,official website,"Official Arctic Import pages describe the company as a family-owned B2B wholesaler supplying food products as well as retail and non-food items to public and private customers in Greenland since 1978. The official site states it has access to more than 400000 unique products, a wholesale warehouse in Nuuk, offices across Nordic locations, stable North Atlantic supply chains and a full-service catering supplier division. KNI Engros/Pilersuisoq and KK Engros are strong national-scale challenger leads, but Arctic Import remains Greenland's top-ranked contactable lead because official evidence combines B2B wholesale, Greenland-specific supply-chain expertise, Nuuk warehousing, broad product access and catering-foodservice fit."
Democratic Republic of the Congo,112,1709.30,Tier 3,Elite Trading Sarl,1,"fresh fruits and vegetables; imported vegetables; refrigerated logistics",importer/distributor/wholesaler,https://elitetrading-rdc.com/en/,+243 821 722 885,info@elitetrading-rdc.com,,"Batiment Hypnose, Av. Mama Yemo, Q/Makutano, C/Lubumbashi, Lubumbashi, RD Congo",https://elitetrading-rdc.com/en/a-propos/,official website,"Official Elite Trading pages describe the company as the number one supplier of fruits and vegetables in the Democratic Republic of Congo and the leading wholesale fruit and vegetable supplier in the country. The official site states it works with local and international producers across the European Union, Morocco, Egypt, Tunisia, Zambia, South Africa, Namibia, Tanzania and Kenya, and has refrigerated-truck logistics plus more than 200 farmer partners. Socimex, Beltexco, Kenshin, Hyper Psaro/Carrefour, Kin Marche, AFRIFOOD and SO GOOD RDC are strong challenger leads, and Volza exposes larger public garlic-buyer signal names, but Elite Trading remains the top-ranked contactable DRC lead because official evidence combines direct fresh-produce leadership, imported-vegetable sourcing and cold-chain logistics."
Fiji,113,1675.92,Tier 3,Fresh'et International Limited,1,"frozen peeled garlic; fresh and frozen produce; foodservice distribution",distributor/wholesaler/foodservice supplier,https://store.freshetgroup.com/,+679 330 7898,salesretail@freshetint.com,,"26 Retriever Rd, Rokobili Subdivision, Walu Bay, Suva, Fiji",https://store.freshetgroup.com/FROZEN-Peeled-Garlic-500g-p482908108,official website,"Official Fresh'et pages state Fresh'et International Limited is a leading distributor of freshly farmed vegetables, premium frozen meats and refrigerated seafood in Fiji. The official frozen peeled garlic product page explicitly lists FROZEN Peeled Garlic 500g and the official store says Fresh'et sources from local farmers plus international buyers in Europe, Australia and New Zealand and distributes fresh and frozen goods to major hotels, supermarkets, hospitals, government sectors, military, navy, police and customers throughout Fiji. FarmBoy has direct official Fresh Garlic IMP evidence, Turners & Growers Fiji has the strongest scaled fresh-produce importer signal, and Yee's, Five Star, CJ Patel, Punjas, NewWorld, RB Patel, MH, Extra and Cost-U-Less are strong challenger route-to-market leads. Fresh'et remains the top-ranked contactable Fiji lead because official evidence combines direct garlic SKU proof with broad cold-chain and institutional redistribution."
Benin,114,1590.74,Tier 3,Kaba Group,1,"food products import-export; representation; distribution",importer/distributor/wholesaler,https://www.kababenin.group/,"+229 99 78 59 59",contact@kababenin.group,Saïd KARAM,"Marché Ganhi, Rue 2650, Cotonou, Bénin",https://www.kababenin.group/le-groupe/,official website,"Official Kaba Group pages describe the company as specializing in commercial representation and import-export and supplying African countries with food products from around the world, including Turkey. The official site states the group provides representation and distribution services and delivery across Africa, and lists CEO Saïd KARAM plus direct Cotonou contacts. CBND has stronger official storage and multinational-distribution detail, while Soulmate and Jajolinks provide direct public fresh-garlic or spices-and-garlic trade-directory signals. Kaba remains the top-ranked contactable Benin lead because it combines explicit imported-food positioning, formal representation/distribution services and direct Cotonou commercial contacts, but paid customs data is required before treating any Benin lead as the beneficial garlic importer."
"Congo, Rep.",115,1585.67,Tier 3,Regal Group Congo,1,"wholesale and retail distribution, cash and carry, supermarkets",importer/distributor/wholesaler/retailer,https://www.regal-congo.com/,"00-242-222944500",regal@regal-congo.com,,"B.P 603, Avenue Moe Vangoula Evache, Centre Ville, République du Congo",https://www.regal-congo.com/regal-distribution.html,official website,"Official Regal Group Congo pages describe Societe Regal as operating import export and wholesale and retail distribution in the Republic of Congo since 1998. The official distribution pages state the business includes supermarkets, wholesale and retail distribution and cash and carry, with locations spanning 10 stores in Brazzaville, 13 in Pointe Noire and 2 in Dolisie, and Park N Shop offers local and imported produce. Guenin has stronger frozen-food/cold-chain evidence, SOFAPRAL has public food-manufacturing and importer shipment signals, SODICO validates maritime food provisioning, and mVutu validates fresh-produce B2B distribution. Regal remains the top-ranked contactable Congo, Rep. lead because official evidence combines import-export, national supermarket footprint, wholesale/retail distribution and cash-and-carry scale, but paid customs data is required before treating any public lead as the beneficial garlic importer."
Liberia,116,1578.07,Tier 3,Harbel Supermarket Corporation,1,"importation, distribution, wholesale and retail supermarket operations",importer/distributor/wholesaler/retailer,https://harbelsupermarket.com/,"+231886511114; +231777998777; +231886260155; +231777666223; +231776660888",info@harbelsupermarket.com,,"Margibi County and multiple branches in Liberia",https://harbelsupermarket.com/,official website,"Official Harbel Supermarket pages describe the company as Liberia's premier supermarket, with primary business operations including importation, distribution, wholesale and retail supermarket operations. The official about section says the company has nine branches throughout Liberia plus wholesale outlets in Sayon Town and the Freeport of Monrovia, imports food products from many countries, and serves hotels, restaurants, NGOs, hospitals, government ministries, agencies and UN agencies in Liberia. A-Z Corporation, Abi Jaoudi & Azar, Fresh Frozen Foods Liberia, Cheaitou Brothers, Diamond Food and National Frozen Food Corporation are now strong challenger or validation targets across FMCG, cold-chain, frozen-food and public shipment-signal channels. Harbel remains the top-ranked contactable Liberia lead because official sources show broad national receiving, wholesale and institutional distribution capability, but WITS 2023 direct import data is materially below the legacy pipeline value and paid customs data is required before treating any public lead as the beneficial garlic importer."
El Salvador,117,1573.89,Tier 3,"Super Selectos / Calleja, S.A. de C.V.",1,fresh garlic,retailer/supermarket chain/import buyer,https://www.superselectos.com/,+503 2267-6767,servicioalcliente@superselectos.com.sv,,"Prolongacion 59 Av. Sur y calle El Progreso 2934, San Salvador, El Salvador",https://www.superselectos.com/nosotros,official website,"Official Super Selectos pages describe the chain as the leader in El Salvador, with more than 110 stores nationwide, presence in all 14 departments and around 5,000 active suppliers including close to 1,000 foreign suppliers. Official garlic listings on the ecommerce site show fresh garlic SKUs such as Ajo Chino Mr Garlic 456 G En Red. PriceSmart and Walmart add direct public garlic and peeled-garlic SKU evidence; DISZASA, DISNA, UDISA, Multicongelados, DIACO, Morazán, DeSantis and Distribuidores Clave now provide strong official distributor, cold-chain, foodservice and route-to-market challenger coverage. Super Selectos remains the top-ranked contactable El Salvador lead because the official sources combine national retail scale, foreign-supplier buying relationships and direct fresh-garlic evidence, but WITS 2023 reports a much larger USD 2.75M fresh-garlic import market than the legacy pipeline value, so paid customs data is required before treating any public lead as the beneficial garlic importer."
"Burkina Faso",118,1485.56,Tier 3,SODIMA SARL,1,"food products importation, distribution and warehousing",importer/distributor/wholesaler,https://sodimabf.com/,"+226 05 82 10 27; +1 404 429 7702",info@sodimabf.com,,"01 BP 3288 Bobo Dioulasso 01, Burkina Faso",https://sodimabf.com/,official website,"Official SODIMA pages describe the company as specializing in the manufacturing, importation and distribution of food products in Burkina Faso and the African sub-region. The official site says SODIMA is among the largest import and distribution companies of food products in Burkina Faso, with warehouse capacity above 50,000 tons, and its distribution service covers Burkina Faso and the wider West African sub-region. SIDAF, GECOM-BURKINA, SODIAL, Les Primeurs du Faso, HYANTA, BurkinaMarket, Marina Market, SDA, SANYA, SOKA, SANO GLOBAL and Dan Group now provide broader importer, wholesale, fresh-produce, supermarket, frozen-food and sourcing coverage. SODIMA remains the top-ranked contactable Burkina Faso lead because official evidence combines food importation, large warehousing and sub-regional distribution scale, but WITS 2023 reports a lower USD 476.72K fresh-garlic direct import value than the legacy pipeline value and paid customs data is required before treating any public lead as the beneficial garlic importer."
Tanzania,119,1435.05,Tier 3,LICO Global Company Limited,1,"spices, fresh products, import and export agricultural products",importer/distributor/wholesaler/exporter,https://lico.co.tz/,+255 750 160 116,info@lico.co.tz,,"MayFair Plaza, Office No. 16, Mwai Kibaki Road, Mikocheni, Dar es Salaam, Tanzania",https://lico.co.tz/index.php/266-2/,official website,"Official LICO Global services pages state that the company facilitates both export and import of agricultural products including spices and fresh products, and describes itself as a leading supplier of grains, spices, pulses and fresh products. The official site also says the company sources, supplies and delivers food products globally and publishes Dar es Salaam office contact details. Mountain Taste has direct public garlic processing and trading evidence, Sunvallei and Zamjoy add public fresh-garlic shipment-buyer signals, Shoppers adds direct imported-garlic retail evidence, and East Africa Fruits, Buildmart, Premium Supplies, Suvacor, Afrione, Prime Route, Canary, Med Foods and other channels now provide broader importer, foodservice, supermarket and fresh-produce coverage. LICO remains the top-ranked contactable Tanzania lead because official sources show structured import-export capability, spices/fresh-products fit and direct contact details, but paid customs data is required before treating any public lead as the beneficial garlic importer."
Monaco,120,1395.69,Tier 3,Monafrais,1,"oils, herbs and spices; gourmet food delivery",importer/distributor/wholesaler/provisioner,https://monafrais.com/en/,+377 97 98 71 02,ordini@monafrais.mc,,"Gildo Pastor Center, 7 Rue du Gabian, MC 98000 Monaco",https://monafrais.com/en/about-us/,official website,"Official Monafrais pages describe the company as based in Monaco and providing tailored delivery services to fine dining restaurants, gourmet shops, luxury yachts and prestigious villas. The official site says Monafrais has more than 40 years of food-industry experience, supplies chefs daily, and that its Monaco headquarters warehouse holds more than 300 products ready for delivery. The official category pages also include oils, herbs and spices. Maison del Gusto, Just Provisions, Catalano, Les Primeurs Monégasques, Monaco Trade, Loxer, Carrefour, Marché U, SPAR, Fairmont and Le Méridien now provide broader Monaco-based yacht, fresh-produce, wholesale, supermarket and HORECA challenger coverage. Monafrais remains the top-ranked contactable Monaco lead because official sources combine professional provisioning, warehouse-backed readiness, herbs/spices fit and daily chef/yacht/villa demand, but paid customs data is required before treating any Monaco public lead as the beneficial garlic importer."
Burundi,121,1360.07,Tier 3,MARIMBU,1,"food products importation and redistribution",importer/distributor/wholesaler,https://www.marimbu.com/,+257-222-11272,contact@marimbu.com,,"Quartier asiatique, Bujumbura, Burundi",https://www.marimbu.com/,official website,"Official MARIMBU pages describe the company as a family-owned house of redistribution and importation in Africa, incorporated in Burundi in 1994. The official site says the business mainly imports and sells food products, operates through distribution warehouses, and uses its networks to satisfy customer demand for products such as maize, rice and sugar. WITS 2023 public data shows Burundi fresh/chilled garlic imports of USD 214.76K and 98,980 kg, mostly supplied by Tanzania, while public Volza dry-garlic snippets expose buyer names that still need paid-data validation. Kilakitu, Burundi Shop, Burundi Fortified Foods, Taste Burundi, Fruito Burundi, Baza, Rehema Shop, Elite Enterprises, Au Bon Prix, Google Supermarket, Sun city store/Pride of Burundi, Home World, Fatima, Boucherie Nouvelle, BMC, Hobe, Casino, Kigobe and Sam grocery now provide broader Burundi supermarket, grocery-platform, processor, foodservice and wholesale route coverage. MARIMBU remains top-ranked because it is the strongest official-source food-import and redistribution lead; paid customs data is required before treating any Burundi public lead as the beneficial garlic importer."
"Hong Kong, China",122,1328.57,Tier 3,The Food Source Ltd.,1,"direct import and distribution of specialty foods",importer/distributor/wholesaler,https://www.foodsource.com.hk/en/,"+(852) 3422 8718",info@foodsource.com.hk,,"Unit B, 2/F, Dragon Ind. Bldg., 93 King Lam St., Lai Chi Kok, Kowloon, Hong Kong",https://www.foodsource.com.hk/en/aboutus/ourstory/ourstory/,official website,"Official The Food Source pages describe the company as a professional food importer and distributor based in Hong Kong, with distribution coverage across Hong Kong, Macau and major cities in mainland China. The official site says it directly imports and exclusively distributes high-quality specialty foods and serves upscale restaurants, hotels, supermarkets, convenience stores, fast-food chains, bakeries and dessert manufacturers, with sourcing from more than 30 countries. WITS 2023 public data shows a smaller direct fresh/chilled garlic import signal than the legacy pipeline value, while China mirror-export and public Volza snippets point to larger garlic movement that needs paid-data reconciliation. Wing Kee, DCH Foods, Sims, Angliss, Classic Fine Foods, Foodgears, Lamex, Fresh Channels, C.Y. Food Trading, Wellcome, city'super, Kai Bo, PURE FRESH, Win Fresh, Unionsum, FoodCraft and Team River now provide broader Hong Kong fresh-produce, foodservice, supermarket, peeled-garlic and frozen/processed route coverage. The Food Source remains top-ranked because official evidence combines direct import, exclusive distribution, global sourcing, contactability and institutional channels; paid customs data is required before treating any public lead as the beneficial containerized garlic importer."
Samoa,123,1299.14,Tier 3,Ah Liki Investment / Ah Liki Wholesale,1,"food distribution, foodstuff, supermarkets, farms and food manufacturing",importer/distributor/wholesaler/retailer/processor,https://www.ahliki.com/,"(+685) 8008000",info@ahliki.com,,"Vaitele Industrial Zone, 1 Fana'io Street, Vaitele, Apia, Samoa",https://www.ahliki.com/services,official website,"Official Ah Liki pages describe the company as a Samoa-based food distribution, manufacturing, agriculture and retail group with more than two decades in operation and a supply-chain network servicing the entire Samoan market. The official services page says Ah Liki Wholesale offers bulk food, foodstuff and non-food items sourced globally for all business sizes and industries, serves retail stores, hotels, resorts and catering services, operates Farmer Joe Supermarkets, and has food manufacturing under Krissy Co. WITS 2023 public data shows Samoa fresh/chilled garlic imports of USD 242.27K and 157,181 kg, led by China at USD 171.36K and 85,642 kg, materially below the legacy pipeline value. Frankie, SSAB, Gounders, Chan Mow, Farmer Joe, Lucky Foodtown, Lynn's, Myna's, Mariyon, Maota, Fugalei Market, Maua, Sheraton, Taumeasina, Lava, Seabreeze, Sinalei and Tanoa now provide broader retail, wholesale, produce, marketplace and hospitality demand coverage. Ah Liki is top-ranked because official evidence combines wholesale food distribution, global sourcing, supermarket ownership, manufacturing, farms and institutional customer reach; paid customs data is required before treating any public lead as the beneficial containerized garlic importer."
Curacao,124,1220.20,Tier 3,Hector Henriquez B.V.,1,"food distribution, food services, institutional services",importer/distributor/wholesaler/foodservice supplier,https://hhb.cw/,+599 9 841-4100,info@hhb.cw,,"Caracasbaaiweg 38, Willemstad, Curaçao",https://hhb.cw/,official website,"Official Hector Henriquez B.V. pages describe the company as a dedicated distributor of branded consumer products in Curaçao with separate Food, Non-Food and Food Services divisions. The official site states that its food service department supplies restaurants, hotels and fast food chains, while its institutional service distributes products according to client requirements. Curaçao Foods Trade, EWT, Pietersz, DeliNova, Marquis, Barentz/Deltagen, Goisco, Van den Tweel, Centrum, Mangusa, Carrefour, Orzal Fruits, Fresh Prods and Logistics, Carrot Export Foods & Drinks, FUIK, Salty Seafood, Bon Bini and Arcos Dorados/McDonald's now provide broader Curaçao distribution, fresh-produce import, supermarket, foodservice, frozen/chilled and shipment-signal coverage. Hector Henriquez remains top-ranked because official evidence combines food distribution, foodservice, institutional service, direct contactability and long-standing local route-to-market coverage; paid customs data is required before treating any public lead as the beneficial containerized garlic importer."
Djibouti,125,1211.04,Tier 3,BMMI Djibouti,4,"food and household goods; FMCG; global sourcing and supply",importer/distributor/wholesaler/institutional supplier,https://www.bmmigroup.com/,+253 21 320 600,ykallouche@BMMI.com.bh,,"Warehouse No. 1, Djibouti Free Zone, PO Box 795, Djibouti",https://www.bmmigroup.com/contact-us/office-directory/,official website,"Official BMMI pages describe the group as a diversified retail, distribution, hospitality, contract-services and supply group with food-and-beverage wholesale, distribution and retail activities, and the official office directory publishes a Djibouti Free Zone warehouse office with direct phone and email. WITS 2023 public data shows Djibouti fresh/chilled garlic imports of USD 754.18K and 2.15M kg, mostly Ethiopia-supplied, while Volza and other public shipment snippets identify Xuefeng Import Export SARL, Nimsam Kashi, Kheyredin Trading Company, Groupe Al Gamil, Horn & Holland and related fresh-produce buyers as garlic or HS 07 validation targets. World Link, Coubeche, Al Gamil, Nougaprix, Casino, Cash Center, Djibouti Fresh, Djibah Seafood, Belayab Foods, Ayla, Chicking, DWO AGRO, Baraka, Share Gelleh and SMD now provide broader Djibouti distribution, supermarket, foodservice, processor and fresh-produce coverage. BMMI is top-ranked because it is the strongest official-source contactable importer-distributor platform, but paid customs data is required before treating any public lead as the beneficial garlic importer."
"Papua New Guinea",126,1210.15,Tier 3,BNG Trading Co. Ltd.,4,"grocery products; food and beverage; frozen products; nationwide foodservice and wholesale",importer/distributor/wholesaler,https://www.bngtrading.com.pg/,+675 303 6500,sales.pom@bngtrading.com.pg,,"Section 52 Lot 23 Varahe Road, Gordons, NCD, PO Box 148, Port Moresby, Papua New Guinea",https://www.bngtrading.com.pg/about-bng-trading-co/,official website,"Official BNG pages describe the company as importing and distributing a wide variety of foods and consumer products, managing international brand names across grocery food and beverage categories, and supplying more than 600 outlets nationwide including grocers, retailers, wholesalers, foodservice companies, hotels, restaurants, cafes, bakeries and mining camps. BNG's Papua Niugini Freezers division adds nationwide cold-chain distribution and major supermarket, hotel, restaurant and mining-camp supply. Food Pro, SVS, AD Commodities, Pacific Industries, NKW Fresh, Goodman Fielder, Rabtrad, Seeto Kui, Ling's Freezer, TST, RH Trading, Taylor Pacific/Stop & Shop, Raumai, Waterfront Foodworld, Boroko Foodworld, IFC, Trukai and Lae Biscuit now provide broader importer-distributor, wholesale, supermarket, fresh-produce, cold-chain, foodservice and processor coverage. BNG is top-ranked because official evidence combines national grocery import/distribution, outlet reach, institutional channels and cold-chain capability, but paid customs data is required before treating any public lead as the beneficial fresh-garlic importer."
Gabon,127,1166.40,Tier 3,Prix Import,4,"fresh products; dry foods; wholesale supermarket supply; direct imports",importer/distributor/wholesaler/supermarket operator,https://www.priximport.com/,"+241 11 72 46 76; +241 11 72 46 52",commercial@priximport.com,,"Z.I. Oloumi, BP 2176, Libreville, Gabon",https://www.priximport.com/index.php/grande-distribution/,official website,"Official Prix Import pages describe a wholesale business in Libreville's industrial zone with 10,000 m2 of warehousing, a showroom where wholesale customers replenish their stores, and itinerant sales across Libreville. The official contact page publishes Z.I. Oloumi headquarters, phone, fax and commercial email details. Public profiles further identify Prix Import as an import and large-scale distribution company handling fresh and dry foods, gros/demi-gros/détail, 9 supermarkets, brand agencies and significant container sourcing. SUPERGEL, SANgel, CECA-GADIS, CEDICOM, FOBERD, GAREP, CMB, HM Distribution, REGABON, SIPAGEL, Resto Group, SIGALLI, Uncle Sam, Sundeep, GABFOOD, Servair and Surgiprox now provide broader Gabon frozen, cold-chain, cash-and-carry, supermarket, foodservice and distributor coverage. Prix Import is top-ranked because public evidence combines direct import, wholesale, supermarkets, warehousing, fresh-food coverage and contactability; paid customs data is still required before treating any public lead as the beneficial fresh-garlic importer."
Zimbabwe,128,1111.18,Tier 3,Freshtrade / Anotipa T/A Freshtrade (Pvt) Ltd,4,"fresh produce; fruit and vegetables; regional importation; warehousing and distribution",fresh-produce importer/distributor/wholesaler,https://freshtrade.co.zw/,"+263 242 446 011; +263 242 446 233; +263 242 447 394; +263 775 153 438; +263 773 922 220",sales@freshtrade.co.zw,,"18 Martin Drive, Msasa, Harare, Zimbabwe",https://freshtrade.co.zw/,official website,"Official Freshtrade pages state that its procurement team moves over 400 tons of produce to market every month, its sales team works with buyers to keep customers carrying the biggest and freshest range, and where product is not available locally it sources regionally and handles importation and transportation from farm to client. Moldon, CF Produce, SPAR, N. Richards, Route to Market, Mega Save, GAIN, OK Zimbabwe, TM Pick n Pay, Food World, Mambo, Food Discount Center, National Foods, Cairns, Probrands, SM Distributors, Morefresh, Zenith and Simbisa now provide broader Zimbabwe fresh-produce, wholesale, supermarket, cold-chain, processor and foodservice coverage. Freshtrade is top-ranked because official evidence combines fresh-produce scale, import capability, warehousing, distribution and direct procurement contacts; paid customs data is required before treating any public lead as the beneficial fresh-garlic importer."
"Kyrgyz Republic",129,1107.16,Tier 3,SB Group,2,"food products, fruits and vegetables, imports, warehousing and customs clearance",importer/distributor/logistics/wholesaler,https://sb.kg/,+996 (312) 96-30-71,info@sb.kg,,"720017, Bokonbaeva street 192, 2 floor, 3 room, Bishkek, Kyrgyz Republic",https://sb.kg/food-products/,official website,"Official SB Group pages describe the company as a diversified trading business supplying raw materials and equipment for small and large companies, including imported food products. The official food-products page says SB Group supplies fruits and vegetables from Europe, Asia, the USA, China, Turkey and Egypt, organizes delivery with its own logistics capabilities, clears goods to its own company, stores goods in its warehouses and works with any cargo volume including perishable products. Alliance Product, Globus/Narodnyi, Asia Retail, Kyrgyz Product, VitaMiks, Prod Impex, ABADA Trade, MK Trade, Ejoo Trade, Gastronom.kg, Seiyitbekov KFH, Bai Elim, Pamir, Nuristan, Advantex/Oimo, OSKO, Zakup Express, Anar Market and Toyboss now provide broader distributor, retail, processor, ingredient, HoReCa and direct garlic-format coverage. SB Group is top-ranked because official evidence combines direct food import, customs clearance, warehousing, perishable-cargo handling and fruit/vegetable sourcing across Europe, Asia, the USA, China, Turkey and Egypt; paid customs data is required before treating any public lead as the beneficial containerized garlic importer."
"French Polynesia",130,1076.97,Tier 3,Comptoir Commercial Cécile,8,"fresh and imported fruits and vegetables, fine grocery, hotels restaurants and cruise ships",fresh-produce importer/distributor/wholesaler/foodservice supplier,https://ccc.pf/,40 54 48 54,courrier@ccc.pf,,"122 avenue du Commandant Chessé, Fariipiti, BP 286, Papeete, Tahiti, French Polynesia",https://ccc.pf/presentation/,official website,"Official Comptoir Commercial Cécile pages describe CCC as a family business specializing in import and trade of food products, especially fresh foods, fruits and vegetables, wines and dry goods. The official site says fruit and vegetable trade is the most important part of the business, with local and imported products, and that CCC supplies most hotels and restaurants in French Polynesia, collectivities, many stores and cruise ships calling at Tahiti. SIPAC, Essor Import, TS Distribution, SAGES/Champion/Carrefour, SODISPO, BRAPAC, WanD, Newrest, SNP, LS Proxi, Hyper U, Polyagro, BevCo, Kim Fa, Ah Sing, Ocean Products, Miamland, Hilton and Four Seasons now provide broader French Polynesia importer, wholesale, supermarket, foodservice, cold-chain and shipment-signal coverage. CCC is top-ranked because official evidence directly combines fresh-produce import/trade, local and imported fruits and vegetables, hotel/restaurant/store/cruise-ship coverage and public contactability; paid customs data is required before treating any public lead as the beneficial containerized garlic importer."
Guam,131,1037.07,Tier 3,PDC Wholesale,4,"produce, grocery, frozen and chilled products, vegetable processing and global sourcing",importer/distributor/wholesaler/processor/foodservice supplier,https://www.pdcwholesale.com/,671-472-1465,orders@pdcwholesale.com,Dannette Aitaro - Produce Manager,"370 Mendioka St., Dededo, GU 96929, Guam",https://www.pdcwholesale.com/,official website,"Official PDC Wholesale pages describe a Guam wholesale partner with global sourcing, produce, grocery, frozen/chilled, meat and seafood coverage, more than USD 50M in annual distribution and the claim that it is the largest importer of groceries in Guam. Official about and services pages add a 50,000 sq ft facility, cold, chill and dry storage, banana ripening rooms, a dedicated refrigerated fleet, USDA-certified meat processing, vegetable processing, service to hotels, restaurants, grocery and retail stores, caterers, institutions and export partners across Micronesia. This is the strongest current Guam lead for full-container garlic validation because official sources combine grocery import scale, produce handling, cold-chain infrastructure and foodservice/retail reach."
Mauritania,132,1008.84,Tier 3,Gimex Global Import Export,4,"food and non-food import, distribution, cold/frozen/dry storage, fruit center and HoReCa supply",importer/distributor/wholesaler/foodservice supplier,https://www.gimex.mr/,(+222) 45 25 84 26,info@gimex.mr,,"Ilot G Lot 39 Tevragh Zeina - BP:1962, Nouakchott, Mauritania",https://www.gimex.mr/distribution.php,official website,"Official Gimex pages describe Global Import Export as a major Mauritanian importer, distributor and exclusive representative for international food and non-food brands. The official distribution page says Gimex operates negative cold, positive cold and dry storage, a fruit center, a grocery/dairy warehouse, a commercial team supplying supermarkets and cash customers, 3,000 products across three temperatures, hotels/restaurants/collectivities coverage and customers across Mauritania and neighboring countries. This is now the strongest contactable Mauritania garlic lead because the official evidence directly combines import scale, temperature-controlled storage, fruit/food distribution and HoReCa reach."
"Equatorial Guinea",133,998.16,Tier 3,Grupo Martinez Hermanos,4,"wholesale and retail distribution, supermarkets, frozen products, cold-chain infrastructure",importer/distributor/wholesaler/retailer,https://www.martinezhermanos.com/,+240 333 09 01 62,info@grupomartinezhermanos.com,,"Avda. de la Independencia, Malabo, Equatorial Guinea",https://www.martinezhermanos.com/sectores/supermercados/,official website,"Official Grupo Martinez Hermanos pages describe the group as a major wholesale and retail distributor in Equatorial Guinea, with supermarkets and distribution points in Bata, Malabo and Mongomo. The official supermarkets page says Martinez Hermanos is the main distributor in Equatorial Guinea for important Spanish and international brands and has a distribution network across the country, while the official distribution page describes high-technology cold storage and transport infrastructure for frozen products. Garlic fit is strong for fresh whole, frozen/IQF, peeled and foodservice formats because the official evidence combines national distribution, supermarkets, wholesale and cold chain."
"Cabo Verde",134,966.95,Tier 3,"Oliver Food Resorts",1,"fresh and frozen products, wholesale food supply and HORECA distribution",wholesaler/distributor/foodservice supplier,https://www.oliverfoodresorts.com/?lang=en,+238-9551227,info@food-resorts.com,,"ZDTI do Algodoeiro, Santa Maria, Ilha do Sal, Cabo Verde",https://www.oliverfoodresorts.com/about-us/?lang=en,official website,"Official Oliver Food Resorts pages describe the company as the fastest-growing food distribution company specializing in wholesale supply to hotels and resorts mainly in Cape Verde. The official site says it offers eight chilled and frozen product families across 31 subfamilies, controls quality from arrival to cold-room storage on the islands, and serves more than 100 restaurants, 20 hotels, 30 bars, 4 bakeries and catering companies. Oliver remains the strongest Cabo Verde lead after expansion because it combines HORECA volume, imported chilled/frozen food distribution and direct contactability; Eurocash, Distribuidora do Arquipelago, Montanhes, Super Compra, Importex, Cabomix, Miamland, CIC and major resort groups are now challenger or validation targets."
"Cook Islands",135,965.93,Tier 3,"Prime Foods Ltd",1,"meat, produce, dry goods and wholesale food supply",wholesaler/distributor/retailer,https://primefoods.co.ck/,00682-22259,sales@primefoods.co.ck,,"Saint Joseph Road Ararua, Rarotonga, Cook Islands",https://primefoods.co.ck/,official website,"Official Prime Foods pages say the business offers wholesale orders and publishes business details for Prime Foods Ltd at Saint Joseph Road, Rarotonga with direct phone and sales email. The official about page says Prime Foods offers the best selection of meat, produce and dry goods available in the Cook Islands and sources quality local and international food so the local food industry can provide dishes. Official wholesale and store pages reinforce wholesale service, St Joseph Road location and shop@primefoods.co.ck contact. This is now the cleanest contact-ready official Cook Islands produce/dry-goods wholesale route for fresh whole garlic validation; CITC remains the stronger public importer/distributor and paid-customs FCL ownership target, while Paradise Supplies remains the cleanest official hospitality-wholesale route."
Brunei,136,929.72,Tier 3,"Bukit Ladang Foodstuffs Sdn Bhd",1,"fresh commodities including garlic, onions, ginger, potatoes and carrots; food import and wholesale supply chain",importer/distributor/wholesaler,https://bukitladang.com/,"268 0333 / 268 0999","info@bukitladang.com; enquiry@bukitladang.com",,"Block A, Unit D3-D4, Block D, EDR No. BD62677, Lot No. 71490, Kg. Masin, Brunei Darussalam",https://bukitladang.com/about/,official website,"Official Bukit Ladang pages identify the company as a Brunei food importer and distributor and state that it imports fresh commodities including garlic, onions, ginger, potatoes and carrots. The official contact page publishes direct phone, email and address details, while public WITS 2023 data shows Brunei imported USD 2.32M and 2.71M kg of fresh/chilled garlic. Bukit Ladang is now the strongest Brunei top-ranked lead because it combines direct garlic import evidence with importer, distributor and wholesaler fit; Ying Bee, Lee & Soh, TGT, Sullivans, GHL, MC Maju, Teeyem, Ben Foods, Supa Save, Sifana, Double M, WNF, Al Salam, Thaamin, Sunshine, Ghanim, Hua Ho, Soon Lee and RBC are challenger or validation targets."
"Sao Tome and Principe",137,915.32,Tier 3,"CECA GADIS STP LDA / Super CKDO",1,"garlic shipment signal, fresh products, groceries, fruits and vegetables, frozen and dairy products",importer/retailer/supermarket/distributor,https://cecagadis.com/enseigne-super-ckdo/,+239 2222135,"contact.superckdostp@cecagadis.com; superckdostp.dir@cecagadis.com; assis.dir.stp@cecagadis.com",,"Av. Marginal 12 de Julho, Passadeira do Hospital, P.O. Box 756, Sao Tome, Sao Tome and Principe",https://cecagadis.com/enseigne-super-ckdo/,official website and public shipment data,"Official CECA-GADIS pages identify Super CKDO in Sao Tome with fresh products, local products and food products, while the U.S. International Trade Administration lists Supermarket Ceca Gadis STP LDA/Super CKDO with direct phone and email. Volza's public garlic buyer page separately names CECA GADIS STP LDA and CECA GADIS STP LTD among the leading Sao Tome and Principe garlic importers, and WITS 2023 reports USD 191.18K and 140,235 kg of fresh/chilled garlic imports. CECA/Super CKDO is now the strongest Sao Tome and Principe top-ranked lead because it combines public garlic evidence, supermarket scale and contactability; Afrimar, Vital, Doce, Continental, Miamland, Intermar, Mini Mercado Bom Preco, Coconote, Cash do Equador, Pingo Doxi, Aegis, Carla Charcutaria, Karley Martins Lima, CS Trading, Principe Collection, Pestana, Hotel Praia, Club Santana and Praia Inhame are challenger or validation targets."
Zambia,138,875.45,Tier 3,"EPIC Foods Zambia",1,"perishable, frozen and ambient FMCG distribution",importer/distributor/wholesaler/foodservice supplier,https://www.epic.co.zm/,+260 970 782 692,marketing@epic.co.zm,,"29388 Makeni Road, Makeni, Lusaka, Zambia",https://www.epic.co.zm/about-us/,official website,"Official Epic Foods Zambia pages describe the company as focused on manufacturing, importation, distribution, sales and marketing of FMCGs in perishable, frozen and ambient categories. The official site says Epic operates from a Makeni, Lusaka distribution centre with 450 m2 frozen storage, 250 m2 chilled storage and a multi-temperature fleet of 20 vehicles, while the contact page publishes direct Lusaka phone, email and address. WITS 2023 reports Zambia fresh/chilled garlic imports of USD 178.61K and 373,913 kg, below the legacy pipeline value, so paid customs data is needed before assigning beneficial importer ownership. EPIC remains the strongest public Zambia lead because it combines official importer-distributor language, cold-chain infrastructure and foodservice distribution fit; Gatbro, Ntsele/Fruit & Veg City, Choppies, Unity, Artion, Zambeef, Miamland, Dew Fresh, Zambezi Brands, Gammer Foods, Kwenu Kwetu, Trade Kings, Retsol, Pick n Pay, Shoprite, Food Lovers Market, Oriental Food, Fortune Retail Holdings and Chimfresh are challenger or validation targets."
"Marshall Islands",139,869.54,Tier 3,"Triple J Marshalls Inc. / Payless Triple J",1,"wholesale food distribution, retail grocery stores, fresh produce, frozen foods and retailer supply",importer/distributor/wholesaler/retailer,https://triplej.net/about-us/divisions,+1 671-648-6063,,,"Ebeye and Majuro, Marshall Islands; headquarters 470 North Marine Corps Drive, Tamuning, Guam 96913",https://triplej.net/about-us/divisions,official website,"Official Triple J pages state that Triple J Five Star Wholesale Foods operates wholesale food distribution across Micronesia and that Triple J has had a retail grocery presence in the Marshall Islands for more than 30 years. The same official page says Triple J Marshalls Inc. manages wholesale and retail operations in Ebeye and Majuro, operates two retail grocery stores and distributes to other retailers. This is now the strongest Marshall Islands public lead because it combines wholesale food distribution, grocery retail, fresh/frozen brand portfolio and distribution to other retailers; K&K Island Pride/K&K Corporation, Pacific Basin Payless, MISCO, MIMRA/OIFMC, EZ Price, Formosa, Cost Price, H2 Imports, Surfway, Ebeye Mart and major Majuro foodservice buyers are challenger or validation targets."
"Guinea",140,861.53,Tier 3,"Sawaba Guinée",1,"essential food commodities, milk, preserves, couscous, sugar, pasta, oil, yeast, rice and sardines",importer/distributor/wholesaler,https://www.sawabaguinee.com/,+224 621 49 76 76,info@sawabaguinee.com,,"SAWABA GUINEE Matam Route Niger BP 1847, Conakry, Guinea",https://www.sawabaguinee.com/en/about-us.html,official website,"Official Sawaba Guinée pages describe the company as a pioneer in importing and distributing top-quality food products in Guinea since 1993. The official site says Sawaba has 40 years of market presence, more than 500 commercial partners, 40,000 MT of storage capacity and one of the country's most reliable distribution networks reaching even remote areas, while the official contact section publishes direct phone, email and Matam Route Niger address details. Sawaba remains Guinea's strongest public lead because official evidence shows scale, storage and nationwide coverage suitable for container-volume programs; EJ-DISTRIBUTION, EMAB, Mad Distribution, Sonit, Fresh Frozen Foods Conakry, Scodi, AFDAL, COVAL, Agro Food Industrie/SONOCO, Alnour, Groupe Kebou, Africa Distri, Solange Business, TOP GUINEE, MAKI FOODS, U Express, L'INTERMARCHE, Market Residence 2000 and Riviera Royal Hotel are now challenger or validation targets."
Rwanda,141,797.76,Tier 3,"XS Fresh Limited",1,"imported fresh fruits, fresh vegetables, dry fruits and garlic/onion shipment signal",importer/distributor/wholesaler/retailer/fresh produce supplier,https://xsfreshafrica.com/,+250792400001,info@xsfreshafrica.com,,"Kigali City, Gasabo, Remera, Rwanda",https://www.volza.com/p/garlic-onion/buyers/buyers-in-rwanda/,official website and public shipment data,"Official XS Fresh pages describe XS Fresh Limited as a sister company of AIAL Group started in 2023 to serve the Rwandan wholesale and retail market with fresh fruits, fresh vegetables and dry fruits from around the world, including imported produce for Rwanda. Volza's public garlic-onion buyer page names XS Fresh Limited among Rwanda's leading garlic/onion importers with visible recent allium import records. XS Fresh is now Rwanda's strongest public lead because it combines imported fresh-produce positioning, wholesale/retail market focus, public garlic/onion shipment evidence and reachable app-store support contact details; Prodi, Eri-Rwanda, TCYield, Akagera Trading, ICON Trading, National Distributors Rwanda, SM General Trading, Ntahomvukiye Anastase, New One Design, Krishna Rwanda, Izere Services, Food Bundles, Aman Fresh Direct, Garden Fresh Rwanda, Africa Foods Supply, Simba Supermarket, Kigali Serena, Kigali Marriott and Radisson Blu Kigali are challenger or validation targets."
"Cote d'Ivoire",142,791.87,Tier 3,"PROSUMA / Societe Ivoirienne de Promotion de Supermarches",1,"fresh/refrigerated garlic shipment signal, supermarket purchasing center, fresh products and imported grocery distribution",importer/distributor/wholesaler/retailer/supermarket chain,https://groupeprosuma.com/,"+225 27 21 25 34 16; +225 27 21 25 53 82",,,"Rue des Carrossiers, Zone 3, Treichville, 01 BP 3747 Abidjan 01, Cote d'Ivoire",https://www.volza.com/buyers-ivory-coast/ivory-coast-importers-buyers-of-garlic,official website and public shipment data,"Volza's public garlic buyer page names PROSUMA STE IVOIRIENNE / PROSUMA STE IVOIRE as Cote d'Ivoire's leading garlic importer group with visible fresh or refrigerated garlic shipments under HS 0703200000. Official Prosuma pages identify the group as a leading modern supermarket chain in Cote d'Ivoire with purchasing-center, logistics, supermarket and mass-retail activity, while GoAfrica lists PROSUMA as a distributor/wholesaler with standard, service-client and fresh-purchasing phone lines. PROSUMA is now the strongest public Cote d'Ivoire lead because it combines direct garlic shipment evidence with national modern-retail scale; SOFRAICI, CGDA, Omnifood International, ETS Nabil Moustapha, TAPOH, SABIMEX, African Distribution Company, MonJardin, SIDAF-CI, CODIPAC, SANgel, CDCI/King Cash, CFAO Consumer Retail/Carrefour, Groupe Carre d'Or, EDIS Nouvelle, Groupe Manskou, AACI, Diop Distribution and Societe de Service et de Distribution Alimentaires are challenger or validation targets."
Seychelles,143,775.05,Tier 3,"Seychelles Trading Company Ltd / STC",1,"onion/garlic-paste shipment signal, major FMCG importer, wholesaler, fruits and vegetables, dry goods, meat and retail distribution",importer/wholesaler/distributor/retailer,https://www.stcl.sc/,+248 4285000,"marketing@stcl.sc; mail@stcl.com; customercare.hm@stcl.sc",,"P.O. Box 634, Latanier Road, Mahe, Seychelles",https://www.stcl.sc/about-us/,official website and public shipment data,"Official STC pages describe Seychelles Trading Company as a major importer and wholesaler in Seychelles, trading branded and non-branded products from international sources with wholesale, retail, distribution, duty-free and light manufacturing operations. Official wholesale pages state that dry goods, meat and fruits and vegetables are stored in warehouse facilities across Mahe, Praslin and La Digue and distributed through STC's retail network. Volza public allium pages identify Seychelles Trading Company variants among leading Seychelles onion/garlic-paste or fresh-onion buyers. STC is now the strongest public Seychelles lead because it combines national food-security scale, direct produce wholesale infrastructure and public allium shipment evidence; Apex, International Food Solution, Global Supply Centre, SPAR Eden Island, ISPC Seychelles, Isola, Vinayaga Impex, GOPI, Hospitality Supplies, Blue Ocean Traders, Vendesto, Sun Shipping International, FoodPro, Arc Distribution, Mamma Mia, RAJ Group, Durai Mini Market, Aswanth Group and Resourced Enterprises are challenger or validation targets."
Myanmar,144,753.63,Tier 3,"Makro Myanmar",1,"fresh produce, fresh food, packaged food, grocery and horeca wholesale distribution",wholesaler/distributor/foodservice supplier,https://www.makromyanmar.com/,"(+95) 9 770-330-003",,,"No.322 Upper Pazundaung Road, Sat San Ward, Mingalar Taung Nyunt Township, Yangon, Myanmar 11171",https://www.makromyanmar.com/about-us/,official website,"Official Makro Myanmar pages describe the company as a leading business-to-business wholesaler serving retailers, HoReCa customers and service providers in Yangon. The official about page says Makro is wholly owned by Siam Makro, operates one physical store of over 7,000 square meters plus an ecommerce channel, has catered to more than 100,000 registered members, and offers fresh produce, packaged food and basic commodities. Makro remains the strongest Myanmar public lead because it combines official B2B wholesale scale, fresh-produce category fit, food-safety positioning and professional-customer focus; Annam Myanmar, City Mart, Capital Retail, MABG Food, Asia Winner, Seven Wonders Myanmar, Myanmar Distribution Group, DKSH Myanmar, Myanmar's Distribution, CGM, Myanmar Belle, Golden Palace, Green Hands, Pyei Phyo Aung, Aung Thitsar, Hinnthar Nyi Naung, Sein Thonelone, Aung Pyae Kyaw and Latha are challenger or validation targets."
Togo,145,716.20,Tier 3,"Ocean Communication & Trading",1,"food staples, canned goods, dairy, beverages and large-scale distribution",importer/distributor/wholesaler,https://www.ocean-negoce.com/,"+228 91 10 55 55 | +228 22 22 70 91 | +228 70 28 44 44","info@ocean-negoce.com; ocean.tg1987@gmail.com",,"Adawlato, Grand Marché de Lomé, 71 Rue des Bananiers, Lomé, Togo",https://www.ocean-negoce.com/,official website,"Official Ocean Communication & Trading pages describe the company as a wholesaler of food products in Togo, created in 2017 and specialized in brand representation and large-scale distribution of essential goods. The official site says it distributes pasta, refined vegetable oil, mayonnaise, dairy products, tomato concentrates, preserves, beverages and biscuits, and publishes multiple direct phones, emails and the Grand Marché de Lomé office address. Garlic fit is inferred from its broad essential-food import and wholesale platform rather than a public garlic SKU, but this remains the strongest public Togo lead because official sources show large-scale food distribution capability and direct commercial contactability; KG-BUSINESS, DORIKKO, Ramco, HEISTAL, TOGO FOOD, Togo Distribution, EKATIF, C F D O, FreshCo, FNB International, TOGO Panier, Pischon, TLA/Togo Luxe Agri, Agrilance, Wisdom Agri & Negoce, IACOM Togo, Miamland, Servair/Lome Catering and Le Champion are challenger or validation targets."
Guatemala,146,712.38,Tier 3,Ninoshka,1,"mass consumption products, importation, temperature-controlled warehousing and nationwide distribution",importer/distributor/wholesaler,https://www.ninoshka.com.gt/en/about-us/,"(+502) 2285-5555",,,"Calzada Atanasio Tzul, 43-33 zona 12, Guatemala 01012, Guatemala",https://www.ninoshka.com.gt/en/about-us/,official website,"Official Ninoshka pages describe the company as a family business dedicated to the import and distribution of mass-consumption products in Guatemala since 1976. The official site says Ninoshka has nationwide coverage across modern channel, pharmacies, convenience stores, wholesale, semi-wholesale and traditional channels, helps throughout the distribution chain from import to delivery, and operates large warehouses including temperature-controlled warehousing. Ninoshka remains the strongest Guatemala public route-to-market lead because it combines direct import-distribution language, national scale and controlled storage; Grupo Campeon/SERVI, Suministros y Alimentos, Maxim, Distribuidora Mary, Dissand, Walmart/Hortifruti, La Torre, PriceSmart, Kamoja, Garesa, Suderesa, Diproalsa, Japi, Distribuidora Yaneth, De Mi Tierra, Vegetalia, Comercializadora AZ, Sabores Cosco and ACSA/Anabelly are challenger or validation targets."
Kosovo,147,671.88,Tier 3,"Elkos Group / Elkos Distribution",1,"food import, national distribution, wholesale supply, supermarket group supply and agrar produce logistics",importer/distributor/wholesaler/retail group,https://www.elkosgroup.com/,+383 49 779 100,info@elkosgroup.com,,"Zona Industriale, PN, 10 000 Prishtine, Kosovo",https://www.elkosgroup.com/distribution,official website,"Official Elkos Group pages describe the business as Kosovo's largest authorized distributor for about 90 international brands, with ETC Shopping Centers, Elkos Distribution and Elkos Agrar Center in the group. Official pages show 3,000 employees, 551+ suppliers, 40,000+ products, 400+ active vehicles and 700,000 m2 surface. The official distribution page says Elkos Distribution covers all Kosovo territory with daily sales-agent distribution, 15,770 m2 of branch warehouse space in major centers, 200+ distribution staff and 152 vehicles, while the food-import department page describes food and hygiene import activity, about 2,500 items and import-department contacts. This is now Kosovo's strongest contact-ready official-source FCL route; Joni Group remains the strongest public paid-customs fresh-produce importer/FCL ownership target, with Euro Exim and FISI Group as supporting customs-reconciliation targets and Alea, LIRIDONI, Kosmonte, ALMA KOS, Toska, Viva Fresh, SPAR, Meridian, Interex and Eurofruti as route-validation leads."
Tunisia,148,658.13,Tier 3,"Saed Mhenna & CIE",1,"fresh garlic, imported garlic, wholesale fruits and vegetables, Rades port arrivals",importer/wholesaler/fresh produce buyer,https://saedmhenna.com/,+216 29 318 023,"contact@saedmhenna.com; info@saedmhenna.com",,"Rue Mongi Slim Imm. EZZ et RIDHA, Bureau N°1, Rades 2040, Ben Arous, Tunisia",https://saedmhenna.com/saral_service/ail/,official website,"Official Saed Mhenna pages describe the company as a wholesale fruits-and-vegetables business importing and distributing fresh products across Tunisia. The official garlic page says imported garlic enters Tunisia in bulk or packaged form through the port of Rades and is then distributed through wholesale channels. Saed Mhenna is now Tunisia's strongest public garlic lead because it validates direct imported-garlic handling and wholesale distribution; Sodea Fruits, Socoges, Adam Impex, Sushi Tunisie, ADIS, Farah, Géant, MG, Monoprix, Carrefour/UHD, Fruitika, Sodea Fresh, TIC, Agri Didon, Ideal Foods, Paradis du Centre, STIFEN, Labidi Viandes and Jouda are challenger or route-validation targets."
Nauru,149,654.64,Tier 3,"Capelle & Partner",1,"fresh fruits and vegetables, grocery items, bakery, cafe, restaurant, resort and wholesale-retail supply",importer/distributor/wholesaler/retailer,https://www.capelle.com.nr/,"+674 557 1000 / +674 557 1001",cpadmin@capelle.com.nr,,"Capelle Building, Ewa Beach, P.O. Box 5, Republic of Nauru",https://www.capelle.com.nr/services-1,official website,"Official Capelle & Partner pages describe the company as Nauru's largest retail and wholesale business, with 11 outlets, 200+ employees and a supermarket carrying 1000+ grocery lines. The official outlet page says the supermarket ranges from fresh fruits and vegetables from Australia and New Zealand to pantry staples, while the group also operates a bakery, cafe, restaurant, lodge and online grocery delivery. Capelle remains Nauru's strongest public lead because it validates the clearest scaled food retail-wholesale platform; Friends Nauru, Rainbow Enterprise, Eigigu and Miamland are the best challenger or route-validation targets."
Lesotho,150,607.51,Tier 3,"Maluti Fresh Market Produce",1,"fresh fruits and vegetables, cold rooms, peeling, cutting, dicing and produce market supply",distributor/wholesaler/fresh produce supplier,https://malutifreshmarket.co.ls/,+266 22325100,info@malutifreshmarket.co.ls; sales@malutifreshmarket.co.ls,,"Plot 12312-051, Tikoe Industrial Estate, Maseru 100, Lesotho",https://malutifreshmarket.co.ls/about-us/,official website,"Official Maluti Fresh Market Produce pages describe the company as a one-stop produce market linking farmers, distributors, retailers and consumers in Lesotho. The official site says it is a buying destination for major stores, fruit-and-vegetable specialists and caterers, with washing, sorting, packaging, peeling, cutting, dicing and two large cold rooms. The official contact page publishes Plot 12312-051, Tikoe Industrial Estate, Maseru 100, phone +266 22325100 and info/sales emails. Maluti is now Lesotho's strongest contact-ready official-source fresh-produce, cold-chain and prepared-produce route for fresh whole, peeled/chilled and processed garlic validation; Bay Fruits & Veg remains the stronger public paid-customs importer/FCL ownership target because public shipment/customs pages and public company-profile evidence show scaled fresh-produce import activity."
Solomon Islands,151,578.72,Tier 3,"Super Power Corporation Ltd",1,"groceries, supermarket supply, fresh butcher, logistics and wholesale-retail distribution",importer/distributor/wholesaler/retailer,https://superpowerw.com/,+677 28368,admin@superpowerw.com,,"PO Box 878, Honiara, Solomon Islands",https://superpowerw.com/contact,official website,"Official Super Power Corporation pages describe the company as the largest locally owned distributor, wholesaler and retailer in Solomon Islands, with 24 retail outlets across Honiara and the provinces, 300 legitimate clients, wholesale/retail, logistics, manufacturing, supermarket and fresh butcher operations. This remains the strongest Solomon Islands public lead because it has national-scale food distribution, retail, wholesale and container/logistics capability. Bulk Solomons, Sullivans, Nambawan Meat, Turu Value, Solomon Brothers, Low Price Enterprise, Okoa, Central Development, SP F&B, Deli in the Plaza, Meatlovers, Coral Sea, Heritage Park and Honiara Hotel are the main challenger or route-validation targets."
Afghanistan,152,575.14,Tier 3,"Wakman Group Distribution",1,"food ingredients, food raw materials, packaged food, FMCG, beans, dried fruits and nationwide distribution",importer/distributor/wholesaler,https://wakmangroup.com/distribution/,"+44 7412 229769 / +93 773 790 409 / +93 20 276 89568",distribution@wakmangroup.com,,"Office 217, Kabul City Center, Shahr-e-Naw, District 10, Kabul 1003, Afghanistan",https://wakmangroup.com/distribution/,official website,"Official Wakman Group pages describe the distribution division as one of Afghanistan's largest distribution platforms, supplying food raw materials, additives and FMCG products to businesses across all 34 provinces through a B2B network serving manufacturers, retailers and wholesalers, with reliable storage/handling and global brand representation. The official import-division page says Wakman imports raw materials, food ingredients and FMCG into Afghanistan for manufacturers, retailers and distributors, and the official pages publish distribution email, Afghanistan phone numbers and Kabul office details. Wakman is now Afghanistan's strongest contact-ready official-source outreach route for garlic sales validation; Hashmat Wali Mandozai remains the stronger direct garlic paid-data/FCL ownership target because Volza ranks it first among visible Afghanistan garlic/HSN 07032000 buyers with 149 garlic import shipments and 26% share and its Volza company profile lists garlic under HSN 07032000."
Antigua and Barbuda,153,574.84,Tier 3,"Island Provision Food Distribution",1,"imported and local fresh produce, imported produce, frozen foods, fresh/frozen/dry goods, meat, fish, hotels, restaurants, supermarkets and yachts",importer/distributor/wholesaler/foodservice supplier,https://islandprovision.com/,+1 268-480-5151,info@islandprovision.biz,Terry Brown,"Island Provision Complex, Sir George H. Walter Highway, Antigua and Barbuda",https://islandprovision.com/yacht-provisioning/,official website and public provisioning profile,"Official Island Provision Group pages say Island Provision Food Distribution specializes in importing, wholesaling and retailing fresh food, frozen goods, dry goods and beverages to top hotels, restaurants, supermarkets and visiting yachts across Antigua and Barbuda. Official pages also validate fresh island and imported produce, fresh premium fish/seafood, Certified Angus beef, yacht-provisioning logistics, the Island Provision Complex address and direct phone. Public provisioning profiles publish Terry Brown and info@islandprovision.biz. Island Provision is now Antigua and Barbuda's strongest contact-ready official-source route for fresh whole, frozen/IQF and prepared garlic validation; A.S. Bryden remains the larger public-profile distributor/FCL benchmark because public profiles validate 47,000+ sq ft of warehousing, broadline refrigerated/frozen/dry foodservice and hotel/restaurant/grocery/supermarket coverage."
Vanuatu,154,573.38,Tier 3,"Au Bon Marché Wholesale",1,"commercial kitchen supplies, specialized food items, fresh produce and wholesale island distribution",importer/distributor/wholesaler/retailer,https://aubonmarche.co/,"+678 23217 / 28945",wholesale@abm.vu,,"Numbatu, Kumul Highway, PO Box 64, Port Vila, Vanuatu",https://aubonmarche.co/wholesale/,official website,"Official Au Bon Marché pages describe the wholesale division as the supply engine for much of Vanuatu's commercial sector. The official site says it serves over 3,000 outlets including shops, restaurants, bars, hotels and local stores, manages over 50,000 products and imports more than 200 containers per month, while publishing the wholesale phone, email and Port Vila address. This remains Vanuatu's strongest public FCL-style lead because it validates island-wide wholesale distribution, container import capacity and hotel/restaurant/store coverage; Dynamic Vanuatu, LCM, Fine Foods, Cellovila, Martin Company, Esah, Food Stuffs, Punjas, Port of Call, Iririki, Warwick, Ramada and Mangoes are the main challenger or route-validation targets."
Sierra Leone,155,572.34,Tier 3,"Pee Cee & Sons (PCS)",1,"frozen, chilled, dry food and non-food distribution for wholesale, foodservice and retail",importer/distributor/wholesaler/foodservice supplier/retailer,https://www.peeceeandsons.com/,"+971551906273 / +23277747213",office@peeceeandsons.com,,"10 Sani Abacha Street, Freetown, Sierra Leone",https://www.peeceeandsons.com/,official website,"Official Pee Cee & Sons pages describe PCS as one of the largest distribution and marketing companies for food products in Sierra Leone, Liberia and Guinea. The official site says it handles procurement, import logistics, clearing, warehousing, distribution and final sales, serves wholesale, food service and retail sectors, operates in 8 cities across Sierra Leone and runs a cold room and warehouse complex near the port and main market while publishing direct phone, email and Freetown address details. PCS remains Sierra Leone's strongest public full-container route because it validates national food distribution and cold-chain capability; Sierra Wholesalers/Sierra Importers, Merani, DevNat, Sierra Distribution, Foodland, Koussagroup/Freetown Supermarket, Lion Companies Food Division and Premier Food Distribution are the main challenger or paid-data matching targets."
Chad,156,537.67,Tier 3,Seyal-Tchad,1,"sugar, rice, pasta, milk, import-export, container logistics and agricultural commodities",importer/exporter/distributor/wholesaler,https://www.seyal-tchad.com/,"+235 2253 21 21 / +235 6633 9030","info@seyal-tchad.com / abdel@seyal-tchad.com","Abdelnasir Ibrahim Nigue","Avenue Charles de Gaulle, BP 2339, N'Djamena, Chad",https://www.seyal-tchad.com/,official website,"Official Seyal-Tchad pages identify service import and list imported products including sugar, rice, pasta and milk; the site also describes export/import container handling steps, international partner countries and publishes N'Djamena contact details. Go Africa Online also lists Seyal under agroalimentaire with Avenue Charles de Gaulle, BP 2339, phone and website. Seyal is Chad's strongest public full-container route because it validates direct food import activity and container/logistics language; E T S Marche Max, Hadji Youssouf Djibrine, E T S Pro Market, Star Gold, ETS AMA, Miamland, MAYELBUSINESS, TCHAD.NOUSSAHIM, Avi Trene Food, TchadMarket and N'Djamena supermarkets/hotels are challenger or paid-data matching targets."
Central African Republic,157,525.67,Tier 3,"Miamland Central African Republic export-wholesale route",1,"fresh products, frozen products, savory grocery, dry goods, foodservice and supermarket supply",export wholesaler/offshore consolidator/foodservice supplier,https://www.miamland.com/wholesaler-supplier-country-republique-centrafricaine/,"+33 (0) 9 70 79 24 81 / +33 6 72 40 90 24",,,"26 Route de Paris, 77340 Pontault-Combault, France",https://www.miamland.com/wholesaler-supplier-country-republique-centrafricaine/,official website,"Official Miamland Central African Republic page describes a food wholesaler serving professionals with a large catalog that includes savory grocery, pasta, rice, sauces, seasonings, fresh and frozen categories, plus delivery/export support for Central African Republic. The page publishes switchboard, WhatsApp and warehouse details. Miamland is the strongest public route-validation lead for Central African Republic because it has official fresh/frozen/grocery export-wholesale product fit; Bangui Mall, MARCHANDE EXPORT ET IMPORT, GROUP ALRACHID, BEN AHMED ALRACHID, AFRICA DISTRIBUTION, supermarkets, markets and hotels are local challenger or paid-data matching targets."
Saint Lucia,158,524.65,Tier 3,"Acado St. Lucia Limited",1,"FMCG distribution, food and beverage, frozen items, retail stores and 100+ brands",importer/distributor/wholesaler/retail group,https://acadostlucia.com/,"(758) 457 7000",,,"Cul De Sac, P.O. Box 84-85, Castries, St. Lucia",https://acadostlucia.com/contact/,official website,"Official Acado St. Lucia pages describe the company as one of the island's largest and most progressive distributors of consumer products, with roots in food and beverage, its own retail stores and a 2025 rebrand from Peter & Company/PCD. The site lists food, household and frozen brands and publishes Cul De Sac contact details. Acado remains Saint Lucia's strongest public full-container route because it validates in-country FMCG distribution scale; International Suppliers, Island Provisions, Faye Gastronomie Caraibes, ADMAC, Crown Foods, Miamland, Massy Stores and resort groups are strong challenger, foodservice or paid-data matching targets."
"Gambia, The",159,467.24,Tier 3,"K. Chellarams Gambia Ltd.",1,"dry foods, chilled and frozen foods, FMCG, beverages, foodservice and supermarket supply",importer/distributor/wholesaler,https://www.chellaramsgambia.com/about.html,"+220 4224677 / +220 4224689 / +220 4392911",kchellarams@gmail.com,,"P.O. Box 275, Banjul, The Gambia",https://www.chellaramsgambia.com/about.html,official website/third-party directory,"Official Chellarams pages state that Chellarams has operated in The Gambia since 1958, imports and distributes FMCG, serves hotels, bars, restaurants, supermarkets, convenience stores and general trade, and provides dry, chilled and frozen foods with nationwide sales coverage. Access Gambia publishes the Banjul head office contacts. Chellarams is The Gambia's strongest public full-container route because it combines official food import/distribution scale with chilled/frozen capability and horeca/supermarket coverage; SASCO, Suraj, CJ, Food Import Gambia, Gamfood, Right Choice, NOMM and MultiTrade are close challenger and paid-data matching targets."
Andorra,160,440.04,Tier 3,"Diplo Andorra",1,"organic, artisan, allergen-free and gourmet food wholesale distribution",importer/distributor/wholesaler,https://www.diploandorra.com/,+376 831 723,mahalo@diploandorra.com,,"Xalet Roc Rossell, baixos, Crta. de Meritxell s/n, AD100 Canillo, Principat d'Andorra",https://www.diploandorra.com/en/contacte/,official website,"Official Diplo Andorra pages describe the company as a family food wholesale distributor founded in 1984 with deep knowledge of the Andorran market. The official site says it focuses on minimally processed foods with organic, artisan, allergen-free and gourmet ranges, and serves clients from 5-star hotels and large commercial areas to small businesses while publishing the Canillo address, direct phone and email. Diplo remains Andorra's strongest public local wholesaler lead; Sumalisa, IDPA, Friman, Andisho, Import Espuga, El PorcFer, El Cedre, Magatzems Coma, Miamland, Pyrenees Alimentacio, Carrefour Andorra 2000, Super U/CCA, Caprabo, U Express, Super Gourmet and hotel groups are challenger, SKU-validation or demand-referral targets. WITS 2023 direct imports are small, so verify any FCL opportunity with paid customs before quoting."
Saint Vincent and the Grenadines,161,425.72,Tier 3,"ACADO SVG",1,"grocery, meats, fruits and vegetables, pharmaceuticals and wholesale island distribution",importer/distributor/wholesaler/retail group,https://www.coreasdistribution.com/,"+1 (784) 457-1348",acadosvg@acadolimited.com,,"Diamond, St. Vincent and the Grenadines",https://www.coreasdistribution.com/about/,official website,"Official ACADO SVG pages describe the company as the leading distributor of premium liquors, wines, grocery, cigarettes and pharmaceuticals in St. Vincent and the Grenadines. The official site says ACADO supplies hotels, restaurants, institutions, yachts, cargo and military ships, and serves supermarkets, mini marts, shops, wholesalers, vendors and bars. The official stores page also identifies the Diamond administrative centre and warehouse as the largest warehouse in the country and lists Coreas Kingstown Wholesale, Coreas Food Mart and Mustique Food Store. ACADO remains SVG's strongest public full-container route; Massy Stores, C.K. Greaves, Bonadie, PeppaKorn, Rainforest, ECGC, Miamland, Ranee's, Doris, Log, Food Center, Facey, Better Brands/FBA, Massy Distribution and major resorts are challenger, SKU-validation, paid-data matching or distributor-referral targets. WITS 2023 confirms meaningful national fresh-garlic import demand, but paid customs should verify the beneficial importer before quoting FCL volume."
Timor-Leste,162,415.43,Tier 3,"East Timor Trading Group",1,"FMCG wholesale distribution, bonded warehouse, refrigerated delivery, retail and hospitality supply",importer/distributor/wholesaler/hospitality supplier,https://ettgroup.biz/,+670 331 2264,,,"Comoro headquarters, Dili, Timor-Leste",https://ettgroup.biz/commercial/,official website,"Official East Timor Trading Group pages describe the company as one of Timor-Leste's leading commercial wholesalers and distributors and the country's leading FMCG and hospitality service provider. The official site says it operates a government-licensed bonded warehouse at its Comoro headquarters, supplies wholesale and retail markets with FMCG international brands, services 2,200 outlets weekly across all 13 districts, and uses modern delivery trucks, refrigerated vans and bikes. ETT remains Timor-Leste's strongest public full-container route; Perissos, Timor Food, SUH CASA, Fortuna, Lita Cold Storage, Miamland, Dato Mual Beitai, Leader, Qulina, W Four, Meimart, Lita Store, Alfa-Dili, Creative Furak, Lisun, Jusibel and major hotels are challenger, direct-garlic, cold-chain, SKU-validation, paid-data matching or distributor-referral targets. WITS 2023 confirms USD 822.28K and 1,135,540 kg of direct fresh/chilled garlic imports, but paid customs should verify the beneficial importer before quoting FCL volume."
Dominica,163,404.76,Tier 3,"Fine Foods Inc.",1,"frozen foods, grocery, chilled distribution, cash and carry and restaurant supply",importer/distributor/wholesaler/retailer/foodservice supplier,https://finefoodsinc.com/,"767-255-0050 / 767-255-0500","info@finefoodsinc.com; orders@finefoodsinc.com",,"Canefield, Dominica",https://www.tradinginternationalgroup.com/wholesale-retail/,official website,"Official Trading International Group and Fine Foods Inc. pages describe Fine Foods as more than a food and beverage distributor and position FFI Distribution as the group's leading wholesaler and retailer in Dominica. The official sources say the business supports grocery, frozen and chilled distribution, cash-and-carry operations and restaurant supply, using a 50,000 square foot warehouse and a fleet of eight trucks, while publishing direct phone and email contacts for the Canefield operation. Fine Foods remains Dominica's strongest public full-container route; Whitchurch/IGA, Issa Trading, Astaphan, Springfield/S-Mart, Starrin, Malcolm Stephen, Miamland, Northern Foods, Bello, A.C. Shillingford, Carimex, Best Price, Fresh Market and major resorts are challenger, frozen/IQF, processor, SKU-validation, paid-data matching or distributor-referral targets. WITS 2023 confirms USD 305.29K and 100,574 kg of direct fresh/chilled garlic imports, but paid customs should verify the beneficial importer before quoting FCL volume."
Netherlands Antilles,164,386.26,Tier 3,"SXM Distributors",1,"food items, condiments, milk and dairy, snacks, beverages, packaging and restaurant-supermarket supply",importer/distributor/wholesaler/foodservice supplier,https://sxmdistributors.com/,"+1 (721) 544 4333 / +1 (721) 520 7550",info@sxmdistributor.com,,"9A Locus Tree Drive, Cole Bay Industrial Estate, Sint Maarten",https://sxmdistributors.com/about-us/,official website,"Official SXM Distributors pages describe the company as the leading food distribution company on the island of St. Maarten in Dutch Antilles and as a trusted restaurant and supermarket supplier. The official site says it serves both the French and Dutch sides plus neighboring Caribbean islands including Saba and Statia, maintains a dedicated cold room, same-day delivery vans and an active client base of more than 350 stores, restaurants, institutions and resort hotels, while publishing direct phone, email and Cole Bay address details. SXM Distributors remains the top public Netherlands Antilles proxy lead because it has the clearest Sint Maarten multi-island food-distribution footprint; Pietersz Distribution, Curacao Foods Trade, Divico, Marquis Agencies, Bo Frei, CED, Fresh Supplier Bonaire, Miamland and Centrum are strong challenger or customs-matching routes across Curacao and Bonaire. Paid data should reconcile the dissolved Netherlands Antilles code across Sint Maarten, Curacao, Bonaire, Saba and Statia before assigning HS 070320 ownership or quoting FCL volume."
Kiribati,165,350.61,Tier 3,"Taotin Trading Company Ltd / Taotin Supermarket",1,"fruit and vegetables, poultry, meat and seafood, chilled meals, dairy, pantry, freezer and drinks",importer/distributor/wholesaler/retailer,https://taotintrading.com.ki/,"+686 720 22555","supermarket@taotintrading.com.ki; info@taotintrading.com",,"Main Street, Teaoraereke, South Tarawa KI0107, Republic of Kiribati",https://taotintrading.com.ki/divisions/supermarket/,official website,"Official Taotin Trading pages describe the company as the largest importer, exporter, wholesaler and retailer in Kiribati and say the supermarket division carries fruit and vegetables, poultry, meat and seafood, chilled meals, dairy, pantry items, freezer products and drinks. The official site publishes direct supermarket and corporate email contacts plus the Teaoraereke South Tarawa location and supermarket phone number. Taotin remains Kiribati's strongest public full-container route because it combines importer/exporter/wholesaler/retailer positioning with broad chilled, frozen, fresh and pantry grocery categories. Henicki, Punjas Kiribati, Moel Trading, King Holdings, LMTA/Te Uri, Miamland, Auesa, Superaoi, iMART, One Stop, Wishing Star, JMB, CPPL and Kiribati Fish are challenger, paid-data or distributor-referral targets. Paid customs should verify beneficial HS 070320 ownership before quoting FCL volume because public sources do not name fresh-garlic consignees."
Liechtenstein,166,345.92,Tier 3,"Hilcona AG",1,"fresh convenience foods, frozen pasta, vegetable products, fresh products and garlic-bearing foodservice recipes",processor/manufacturer/foodservice supplier/industrial food buyer,https://hilcona.com/,"+41 58 895 95 95","info@hilcona.com; foodservice@hilcona.com",,"Bendererstrasse 21, 9494 Schaan, Liechtenstein",https://hilcona.com/en/contact-at-hilcona/,official website,"Official Hilcona pages publish the Schaan headquarters contact details and describe Hilcona as a fresh-convenience market leader serving retail, foodservice and industrial customers. Official Hilcona Foodservice pages say the brand supplies gastronomy, company catering and system catering with frozen pasta, vegetable products and fresh products, and official recipe pages include chopped garlic and garlic puree in professional kitchen recipes. Hilcona now outranks Ospelt as Liechtenstein's strongest public garlic route because it combines local industrial scale, foodservice product development and explicit garlic-ingredient use. Ospelt, Kesseli, Miamland, Exotic Food, Foodbox/Hofladen Express, Fruchtebox/Selecta, SPAR, Coop, Getraenkeexpress, Adler and major hotels/restaurants are challenger, distribution, SKU-validation or demand-referral targets. Paid customs should verify beneficial HS 070320 ownership before quoting FCL volume because public sources do not name fresh-garlic consignees."
Saint Kitts and Nevis,167,334.37,Tier 3,"Ram's Trading Ltd.",1,"fresh produce, commodity food trading, supermarkets, cash and carry, wholesale and foodservice provisioning",importer/distributor/wholesaler/retailer/foodservice supplier,https://ramstrading-stkittsnevis.com/,"+1 869-466-7777 / +1 869-465-4988",info@ramstrading.com,,"PO Box 78, Bird Rock, Basseterre, St. Kitts",https://www.ramstrading-stkittsnevis.com/marketing-distribution,official website,"Official Ram's Trading pages describe the company as the leading marketing and distribution company in the Food & Beverage industry in St. Kitts and Nevis and the largest commodity food trader in the Federation. The official site says Ram's imports and distributes poultry, beef, mutton, lamb, pork, seafood, sugar, milk powder and fresh produce, runs supermarkets, cash-and-carry, wholesale, yacht provisioning and food-and-beverage provisioning, and publishes direct general-office and wholesale phone numbers plus email. Ram's remains Saint Kitts and Nevis's strongest public full-container route. Food Centre, Ocean Cold Storage/Horsford, O.D. Brisbane, SK&Sons, Miamland, C & C Trading, R & L's Fresh Produce, Valu Mart, Best Buy, Global Purchasing and large resorts are challenger, paid-data matching, SKU-validation or distributor-referral targets. Paid customs should verify beneficial HS 070320 ownership before quoting FCL volume because public sources do not name fresh-garlic consignees."
Grenada,168,315.44,Tier 3,"Acado Grenada",1,"dry food, grocery, frozen, chilled, supermarket cash and carry, hotels and restaurant supply",importer/distributor/wholesaler/retailer/foodservice supplier,https://www.independenceagencies.com/,+1 473 440 2615,info.ial@cdplimited.com,,"Maurice Bishop Highway, St. George, Grenada W.I.",https://www.independenceagencies.com/about,official website,"Official Acado Grenada pages describe the company, formerly Independence Agencies Limited, as a leading distributor of FMCG in Grenada with dry food, beverages, grocery items, frozen, chilled, liquor, dairy and household categories. The official site says Acado operates CK's Super Valu Cash & Carry outlets supplying hotels, restaurants, marinas, retailers and homeowners, and publishes phone, email and Maurice Bishop Highway address details. Acado remains Grenada's strongest public full-container route because it combines importer-distributor scale, foodservice channels, cash-and-carry and supermarket reach. Country Cold Store, Huggins Distribution, SIFH Imports, Bryden & Minors, Superb, MNIB, Miamland, Foodland, Real Value, Food Fair, Baron, De La Grenade and major resorts are challenger, cold-chain, fresh-produce, processed-garlic, SKU-validation or distributor-referral targets. Paid customs should verify beneficial HS 070320 ownership before quoting FCL volume because public sources do not name fresh-garlic consignees."
Tonga,169,283.78,Tier 3,"Nishi Trading Co Ltd / Nishi Foods",1,"fresh produce, HACCP and SCHS packhouse, food processing, food manufacturing, import substitution and farm-to-market distribution",processor/importer/exporter/fresh-produce buyer,https://nishitrading.com/,"+676 43091 / +676 30001",,Minoru Nishi Jnr,"Utulau / Pea, Tongatapu, Tonga",https://nishitrading.com/contact-us/,official website,"Official Nishi Trading pages describe a Tongan family-run enterprise connecting Tonga to global markets, supporting farmers, operating sustainable agriculture and using a HACCP-certified packhouse for fresh produce that meets global food-safety standards. Official Nishi Foods pages say the business meets HACCP and SCHS standards and grows, harvests and processes food products, while public development profiles describe Nishi's import activity, Tonga's first international-standard food processing facility and a distribution hub for local farming enterprises. The official contact page publishes head-office and Agristore phones. Nishi is now Tonga's strongest contact-ready official-source fresh-produce and processor route for fresh whole, peeled/chilled, frozen/IQF and processed garlic validation; Costlow remains the stronger public paid-customs reefer/FCL benchmark because public provisioning, Cybo and Datamar evidence validate warehouse/supermarket activity and a 1 x 40 reefer-container consignee signal."
Comoros,170,243.16,Tier 3,"Magasin Nardassi SARL / Magasin Nardassi Houmadi",1,"food products import, wholesale distribution, rice, juices, grocery and delivery to wholesalers and groceries",importer/distributor/wholesaler,https://magasin-nardass.com/,"+269 442 49 59 / +269 379 35 36","contact@magasin-nardass.com; magasinnardassi@gmail.com",,"Moroni-Bacha / Moroni Albalad, Moroni 98124, Comoros",https://magasin-nardass.com/,official website + public shipment/customs evidence,"Magasin Nardassi is now Comoros's strongest public full-container route because official Magasin Nardassi pages describe importation and distribution of quality food products to wholesalers and groceries with delivery to grocery partners in Ngazidja, while the Nardassi product/contact site lists wholesale food categories including rice, flour, chicken, oil, juices, sardines, tomatoes, dairy and cereals and publishes Moroni Albalad contact details. Public Trademo and Panjiva shipment pages show Magasin Nardassi/Houmadi as a visible importer of white rice, juices and other food products with 93 import shipments, USD 5.24M buyer trade value and HS 20, HS 10, HS 17, HS 22 and HS 15 product groups. Al-Subhan, Ets Ismail, Humeid, Alimentation General Sarah, Bahia, Wings, ST Group and ONICOR are high-priority paid-data matches because public trade pages validate allium/onion, rice, juice and frozen/cold-chain food import activity. Miamland, Comores Market, DOUKA, Qanila, Vaniacom, Comoros Moringa, Bendal, Comores Relance and major hotels are route-validation, SKU-validation, processor or distributor-referral targets. Paid customs should verify beneficial HS 070320 ownership before quoting FCL volume because public sources do not name fresh-garlic consignees."
"Micronesia, Fed. Sts.",171,169.16,Tier 3,"Yap Cooperative Association (YCA)",1,"import/export, wholesale/retail, food services, assorted groceries, condiments, biscuits, noodles, juices and mineral water",importer/distributor/wholesaler/retailer,https://yapcoop.com/,691.350.2209,,,"159 Main Dr, Colonia, Yap 96943, Federated States of Micronesia",https://yapcoop.com/contact-us/,official website/public customs data,"YCA remains Micronesia's strongest public full-container route because official pages describe a long-established Yap import/export and wholesale/retail operation importing goods from Asia and the United States, supplying products from major manufacturers and distributors, and operating branches in food services plus other local services while publishing direct contact details. NBD public customs preview adds shipment evidence for Yap Cooperative Association as a Federated States of Micronesia importer with visible food/beverage imports including mineral water, biscuits and snacks. XIX Store, Yap Save More/YSM Centerpoint, Guang Mao Store and Island Corner are high-priority paid-data challengers because NBD previews show meaningful food-import shipment volume. Ace Commercial Center, Leo Store, A-One Mart, Yoshies, Palm Terrace, INS, Saki, Truk Trading, AWM, Ace Office Supplies, Neime, Keng and major resorts are route-validation, SKU-validation or distributor-referral targets. Paid customs should verify beneficial HS 070320 ownership before quoting FCL volume because public sources do not name fresh-garlic consignees."
Eritrea,172,160.26,Tier 3,"Warsa Enterprises PLC",1,"bulk food, packaged food, beverages, food products and local/imported goods distribution",importer/distributor/wholesaler/retailer,https://www.warsa.net/,"+ (291) 118-9965",admin@warsa.net,,"Campo Pollo Area, P.O Box 3962, Asmara, Eritrea",https://www.warsa.net/general-trading,official website,"Warsa remains Eritrea's strongest public full-container route because official pages validate import and distribution activity, two wholesale/retail centers in Asmara, a Food Products and Beverages Distribution Center, bulk food, packaged food, beverages and local/imported goods coverage, plus direct phone/email/address details. Ministry of Trade and Industry is a paid-data benchmark because Volza shows 21 HSN 1512 sunflower-oil import shipments, while Asmara Brewery, National Soft Drinks Factory and Red Sea Bottlers validate beverage manufacturing/distribution routes. Family, Wikianos, Tesfamariam, Senay, Sheka, Manta Dairy, Alpha, Mercato, Hussain Ahmed Al-Shahri and Brinesh validate supermarket, grocery and dairy-processing SKU/referral routes. Major hotels validate foodservice demand. Paid customs should verify beneficial HS 070320 ownership before quoting FCL volume because public sources do not name fresh-garlic consignees."
Palau,173,117.45,Tier 3,"Surangel & Sons Co.",1,"import, logistics, retail, wholesale, fruits and vegetables, grains, oil, dairy, meat, fish and imported products",importer/distributor/wholesaler/retailer,https://surangel.com/,"+680 488-4498",,,"P.O. Box 295, Ernguul Road, Ikelau Hamlet, Koror, PW 96940, Republic of Palau",https://surangel.com/grocery/,official website/public trade database,"Surangel remains Palau's strongest public full-container route because official sources validate import, logistics, retail and wholesale operations, a major Supercenter platform, fruits and vegetables, food/grains/oil, bakery/dairy, eggs/meat/fish, snacks/beverages and imported products, plus direct Koror/Airai contact details. Volza and NBD public previews add food-adjacent shipment evidence for Surangel with HSN 1905, 2009 and rice import records. Neco Plaza/Payless is the closest challenger because official Triple J/NECO and Palau telephone-directory evidence validate wholesale food distribution, fresh produce, frozen/chilled food and dry-line items. WCTC, Something Fresh, Miamland, Jezrrae and Palau supermarkets/hotels are route-validation, SKU-validation or foodservice-referral targets. Paid customs should verify beneficial HS 070320 ownership before quoting FCL volume because public sources do not name fresh-garlic consignees."
Tuvalu,174,17.63,Tier 3,"JY Ocean Trading Pty. Ltd. / Jimmy Store / JY Ocean Store",1,"supermarket, 1000+ products, online grocery/service, JY Express Mart, hot food, HSN 1905 bakery/snack imports, HSN 0902 tea and HSN 1902 pasta/noodles",importer/retailer/foodservice buyer,https://jyocean.tv/,"+688 20338 / +688 20551 / +688 20625",info@jyocean.tv; oi@jyocean.tv,,"Tuvalu Road / Te Auala O Tuvalu, Funafuti, Tuvalu",https://jyocean.tv/,official website + public trade database,"Official JY Ocean Trading pages describe a Tuvalu online service established in 2001, operated by Tuvaluan staff, with a supermarket carrying over 1000 products, JY Express Mart, hot food, online ordering, official info@jyocean.tv email, outer-island-service email oi@jyocean.tv and phone +688-20338/20551. JY Ocean is also Tuvalu's strongest public paid-data route because Volza lists JY Ocean Trading Pty. Ltd. as a Tuvalu importer/exporter with 153 import shipments from 17 suppliers and food-adjacent HSN 1905 bakery/snack and HSN 0902 tea imports, while Volza separately lists JY Ocean Trading Ltd. with 39 imports including HSN 1905 and HSN 1902. TCS, Sulani, Miamland, Tesae and SMMT are challenger import/distribution routes; supermarkets, markets, lodges, hotels and restaurants are SKU-validation or distributor-referral targets. Paid customs should verify beneficial HS 070320 ownership before quoting FCL volume because public sources do not name fresh-garlic consignees."
